date,dpi,band_number,bird_ID,swab_id,mass,l_eye_score,r_eye_score,treatment,temp,stack,cage,scorer,swab,swabber,plasma,rbcs,smear,experiment_notes,start_time,cap_time,bleed_time,hematocrit,samplers,sampled_first
20221010,-28,2573,-28_2573,,20.7,NA,NA,Sham,ST,C,2,NA,NA,NA,NA,NA,NA,,NA,NA,NA,NA,"APU, ML, MA",NA
20221010,-28,2603,-28_2603,,21,NA,NA,MG,ST,B,3,NA,NA,NA,NA,NA,NA,"low 3 BCI, molting, bleeding on wing",NA,NA,NA,NA,"APU, ML, MA",NA
20221010,-28,2623,-28_2623,,22.9,NA,NA,MG,ST,F,3,NA,NA,NA,NA,NA,NA,,NA,NA,NA,NA,"APU, ML, MA",NA
20221010,-28,2653,-28_2653,,21.8,NA,NA,MG,ST,B,4,NA,NA,NA,NA,NA,NA,,NA,NA,NA,NA,"APU, ML, MA",NA
20221010,-28,2655,-28_2655,,20.9,NA,NA,MG,ST,C,4,NA,NA,NA,NA,NA,NA,No MG but eyes pinkish,NA,NA,NA,NA,"APU, ML, MA",NA
20221010,-28,2667,-28_2667,,20,NA,NA,Sham,ST,C,1,NA,NA,NA,NA,NA,NA,,NA,NA,NA,NA,"APU, ML, MA",NA
20221010,-28,2684,-28_2684,,20.2,NA,NA,Sham,ST,E,1,NA,NA,NA,NA,NA,NA,,NA,NA,NA,NA,"APU, ML, MA",NA
20221010,-28,2687,-28_2687,,19.4,NA,NA,MG,ST,D,1,NA,NA,NA,NA,NA,NA,,NA,NA,NA,NA,"APU, ML, MA",NA
20221010,-28,2689,-28_2689,,19.6,NA,NA,MG,ST,D,4,NA,NA,NA,NA,NA,NA,,NA,NA,NA,NA,"APU, ML, MA",NA
20221010,-28,2741,-28_2741,,20.3,NA,NA,MG,ST,A,4,NA,NA,NA,NA,NA,NA,,NA,NA,NA,NA,"APU, ML, MA",NA
20221010,-28,2750,-28_2750,,20.7,NA,NA,Sham,ST,C,3,NA,NA,NA,NA,NA,NA,,NA,NA,NA,NA,"APU, ML, MA",NA
20221010,-28,2764,-28_2764,,21.2,NA,NA,MG,ST,F,1,NA,NA,NA,NA,NA,NA,,NA,NA,NA,NA,"APU, ML, MA",NA
20221010,-28,2775,-28_2775,,19.4,NA,NA,MG,ST,F,2,NA,NA,NA,NA,NA,NA,,NA,NA,NA,NA,"APU, ML, MA",NA
20221010,-28,2789,-28_2789,,19.7,NA,NA,Sham,ST,E,2,NA,NA,NA,NA,NA,NA,need ab,NA,NA,NA,NA,"APU, ML, MA",NA
20221010,-28,2799,-28_2799,,20.3,NA,NA,Sham,ST,B,2,NA,NA,NA,NA,NA,NA,,NA,NA,NA,NA,"APU, ML, MA",NA
20221010,-28,2813,-28_2813,,19.8,NA,NA,Sham,ST,A,1,NA,NA,NA,NA,NA,NA,very small/minor cage injury by eye,NA,NA,NA,NA,"APU, ML, MA",NA
20221010,-28,2880,-28_2880,,19.3,NA,NA,MG,ST,A,3,NA,NA,NA,NA,NA,NA,,NA,NA,NA,NA,"APU, ML, MA",NA
20221010,-28,2892,-28_2892,,22.6,NA,NA,MG,ST,D,3,NA,NA,NA,NA,NA,NA,,NA,NA,NA,NA,"APU, ML, MA",NA
20221010,-28,2893,-28_2893,,19.8,NA,NA,Sham,ST,E,3,NA,NA,NA,NA,NA,NA,,NA,NA,NA,NA,"APU, ML, MA",NA
20221010,-28,2894,-28_2894,,20.5,NA,NA,MG,ST,D,2,NA,NA,NA,NA,NA,NA,,NA,NA,NA,NA,"APU, ML, MA",NA
20221010,-28,2903,-28_2903,,19.7,NA,NA,MG,ST,F,4,NA,NA,NA,NA,NA,NA,,NA,NA,NA,NA,"APU, ML, MA",NA
20221010,-28,2921,-28_2921,,19.9,NA,NA,Sham,ST,A,2,NA,NA,NA,NA,NA,NA,,NA,NA,NA,NA,"APU, ML, MA",NA
20221010,-28,2928,-28_2928,,19.5,NA,NA,MG,ST,E,4,NA,NA,NA,NA,NA,NA,,NA,NA,NA,NA,"APU, ML, MA",NA
20221010,-28,2939,-28_2939,,19,NA,NA,Sham,ST,B,1,NA,NA,NA,NA,NA,NA,,NA,NA,NA,NA,"APU, ML, MA",NA
20221010,-28,2581,-28_2581,,19.3,NA,NA,MG,TN,D,2,NA,NA,NA,NA,NA,NA,,NA,NA,NA,NA,"APU, ML, MA",NA
20221010,-28,2632,-28_2632,,17.4,NA,NA,Sham,TN,F,1,NA,NA,NA,NA,NA,NA,small - BC is fine,NA,NA,NA,NA,"APU, ML, MA",NA
20221010,-28,2648,-28_2648,,20.2,NA,NA,MG,TN,C,4,NA,NA,NA,NA,NA,NA,,NA,NA,NA,NA,"APU, ML, MA",NA
20221010,-28,2690,-28_2690,,22.9,NA,NA,MG,TN,E,4,NA,NA,NA,NA,NA,NA,,NA,NA,NA,NA,"APU, ML, MA",NA
20221010,-28,2704,-28_2704,,19.5,NA,NA,Sham,TN,B,1,NA,NA,NA,NA,NA,NA,,NA,NA,NA,NA,"APU, ML, MA",NA
20221010,-28,2718,-28_2718,,22.7,NA,NA,Sham,TN,A,1,NA,NA,NA,NA,NA,NA,,NA,NA,NA,NA,"APU, ML, MA",NA
20221010,-28,2802,-28_2802,,20.3,NA,NA,Sham,TN,D,1,NA,NA,NA,NA,NA,NA,,NA,NA,NA,NA,"APU, ML, MA",NA
20221010,-28,2842,-28_2842,,21.8,NA,NA,Sham,TN,C,1,NA,NA,NA,NA,NA,NA,,NA,NA,NA,NA,"APU, ML, MA",NA
20221010,-28,2846,-28_2846,,19.9,NA,NA,Sham,TN,E,3,NA,NA,NA,NA,NA,NA,,NA,NA,NA,NA,"APU, ML, MA",NA
20221010,-28,2847,-28_2847,,19.9,NA,NA,Sham,TN,A,2,NA,NA,NA,NA,NA,NA,,NA,NA,NA,NA,"APU, ML, MA",NA
20221010,-28,2850,-28_2850,,19.1,NA,NA,MG,TN,D,4,NA,NA,NA,NA,NA,NA,this bird had a pox note but didn't see any obvious pox,NA,NA,NA,NA,"APU, ML, MA",NA
20221010,-28,2869,-28_2869,,20.5,NA,NA,MG,TN,A,3,NA,NA,NA,NA,NA,NA,,NA,NA,NA,NA,"APU, ML, MA",NA
20221010,-28,2874,-28_2874,,20.8,NA,NA,MG,TN,D,3,NA,NA,NA,NA,NA,NA,,NA,NA,NA,NA,"APU, ML, MA",NA
20221010,-28,2879,-28_2879,,21.9,NA,NA,MG,TN,A,4,NA,NA,NA,NA,NA,NA,pox,NA,NA,NA,NA,"APU, ML, MA",NA
20221010,-28,2883,-28_2883,,21.7,NA,NA,MG,TN,B,4,NA,NA,NA,NA,NA,NA,,NA,NA,NA,NA,"APU, ML, MA",NA
20221010,-28,2889,-28_2889,,21.3,NA,NA,MG,TN,F,2,NA,NA,NA,NA,NA,NA,,NA,NA,NA,NA,"APU, ML, MA",NA
20221010,-28,2904,-28_2904,,20.1,NA,NA,MG,TN,F,3,NA,NA,NA,NA,NA,NA,,NA,NA,NA,NA,"APU, ML, MA",NA
20221010,-28,2906,-28_2906,,19.5,NA,NA,Sham,TN,E,2,NA,NA,NA,NA,NA,NA,,NA,NA,NA,NA,"APU, ML, MA",NA
20221010,-28,2907,-28_2907,,20.2,NA,NA,MG,TN,F,4,NA,NA,NA,NA,NA,NA,,NA,NA,NA,NA,"APU, ML, MA",NA
20221010,-28,2911,-28_2911,,20.2,NA,NA,Sham,TN,E,1,NA,NA,NA,NA,NA,NA,,NA,NA,NA,NA,"APU, ML, MA",NA
20221010,-28,2914,-28_2914,,20.9,NA,NA,MG,TN,C,2,NA,NA,NA,NA,NA,NA,"no MG, pinkish eyes, needs ab",NA,NA,NA,NA,"APU, ML, MA",NA
20221010,-28,2920,-28_2920,,20.7,NA,NA,MG,TN,B,3,NA,NA,NA,NA,NA,NA,,NA,NA,NA,NA,"APU, ML, MA",NA
20221010,-28,2926,-28_2926,,20.8,NA,NA,MG,TN,C,3,NA,NA,NA,NA,NA,NA,"no MG, pinkish eyes",NA,NA,NA,NA,"APU, ML, MA",NA
20221010,-28,2929,-28_2929,,20.2,NA,NA,Sham,TN,B,2,NA,NA,NA,NA,NA,NA,,NA,NA,NA,NA,"APU, ML, MA",NA
20221026,-12,2573,-12_2573,2573 -12,20.9,0,0,Sham,ST,C,2,jgl,y,DH,y,y,NA,,,,,NA,"DH, JGL, SR, ML, AC",TN
20221026,-12,2603,-12_2603,2603 -12,21.5,0,0,MG,ST,B,3,jgl,y,DH,y,y,NA,,,,,NA,"DH, JGL, SR, ML, AC",TN
20221026,-12,2623,-12_2623,2623 -12,22.5,0,0,MG,ST,F,3,jgl,y,DH,y,y,NA,,,,,NA,"DH, JGL, SR, ML, AC",TN
20221026,-12,2653,-12_2653,2653 -12,21.5,0,0,MG,ST,B,4,jgl,y,DH,y,y,NA,,,,,NA,"DH, JGL, SR, ML, AC",TN
20221026,-12,2655,-12_2655,2655 -12,21.4,0,0,MG,ST,C,4,jgl,y,DH,y,y,NA,,,,,NA,"DH, JGL, SR, ML, AC",TN
20221026,-12,2667,-12_2667,2667 -12,19.7,0,0,Sham,ST,C,1,jgl,y,DH,y,y,NA,,,,,NA,"DH, JGL, SR, ML, AC",TN
20221026,-12,2684,-12_2684,2684 -12,21,0,0,Sham,ST,E,1,jgl,y,DH,y,y,NA,,,,,NA,"DH, JGL, SR, ML, AC",TN
20221026,-12,2687,-12_2687,2687 -12,19.6,0,0,MG,ST,D,1,jgl,y,DH,y,y,NA,,,,,NA,"DH, JGL, SR, ML, AC",TN
20221026,-12,2689,-12_2689,2689 -12,19.5,0,0,MG,ST,D,4,jgl,y,DH,y,y,NA,,,,,NA,"DH, JGL, SR, ML, AC",TN
20221026,-12,2741,-12_2741,2741 -12,19.6,0,0,MG,ST,A,4,jgl,y,DH,y,y,NA,,,,,NA,"DH, JGL, SR, ML, AC",TN
20221026,-12,2750,-12_2750,2750 -12,20.4,0,0,Sham,ST,C,3,jgl,y,DH,y,y,NA,,,,,NA,"DH, JGL, SR, ML, AC",TN
20221026,-12,2764,-12_2764,2764 -12,21.9,0,0,MG,ST,F,1,jgl,y,DH,y,y,NA,,,,,NA,"DH, JGL, SR, ML, AC",TN
20221026,-12,2775,-12_2775,2775 -12,20.1,0,0,MG,ST,F,2,jgl,y,DH,y,y,NA,,,,,NA,"DH, JGL, SR, ML, AC",TN
20221026,-12,2789,-12_2789,2789 -12,20,0,0,Sham,ST,E,2,jgl,y,DH,y,y,NA,,,,,NA,"DH, JGL, SR, ML, AC",TN
20221026,-12,2799,-12_2799,2799 -12,20.6,0,0,Sham,ST,B,2,jgl,y,DH,y,y,NA,pin feather bled a lot,,,,NA,"DH, JGL, SR, ML, AC",TN
20221026,-12,2813,-12_2813,2813 -12,20,0,0,Sham,ST,A,1,jgl,y,DH,y,y,NA,,,,,NA,"DH, JGL, SR, ML, AC",TN
20221026,-12,2880,-12_2880,2880 -12,20,0,0,MG,ST,A,3,jgl,y,DH,y,y,NA,,,,,NA,"DH, JGL, SR, ML, AC",TN
20221026,-12,2892,-12_2892,2892 -12,21.8,0,0,MG,ST,D,3,jgl,y,DH,y,y,NA,,,,,NA,"DH, JGL, SR, ML, AC",TN
20221026,-12,2893,-12_2893,2893 -12,20,0,0,Sham,ST,E,3,jgl,y,DH,y,y,NA,,,,,NA,"DH, JGL, SR, ML, AC",TN
20221026,-12,2894,-12_2894,2894 -12,21.5,0,0,MG,ST,D,2,jgl,y,DH,y,y,NA,"AB ointment, open cage injury under R eye",,,,NA,"DH, JGL, SR, ML, AC",TN
20221026,-12,2903,-12_2903,2903 -12,20.4,0,0,MG,ST,F,4,jgl,y,DH,y,y,NA,,,,,NA,"DH, JGL, SR, ML, AC",TN
20221026,-12,2921,-12_2921,2921 -12,20.2,0,0,Sham,ST,A,2,jgl,y,DH,y,y,NA,,,,,NA,"DH, JGL, SR, ML, AC",TN
20221026,-12,2928,-12_2928,2928 -12,20.3,0,0,MG,ST,E,4,jgl,y,DH,y,y,NA,,,,,NA,"DH, JGL, SR, ML, AC",TN
20221026,-12,2939,-12_2939,2939 -12,19.7,0,0,Sham,ST,B,1,jgl,y,DH,y,y,NA,was slow to stop bleeding + a bit poofy,,,,NA,"DH, JGL, SR, ML, AC",TN
20221026,-12,2581,-12_2581,2581 -12,19.2,0,0,MG,TN,D,2,jgl,y,DH,y,y,NA,,,,,NA,"DH, JGL, SR, ML, AC",TN
20221026,-12,2632,-12_2632,2632 -12,17.3,0,0,Sham,TN,F,1,jgl,y,DH,y,y,NA,BCI ~3 looks fine,,,,NA,"DH, JGL, SR, ML, AC",TN
20221026,-12,2648,-12_2648,2648 -12,19.6,0,0,MG,TN,C,4,jgl,y,DH,y,y,NA,,,,,NA,"DH, JGL, SR, ML, AC",TN
20221026,-12,2690,-12_2690,2690 -12,23.7,0,0,MG,TN,E,4,jgl,y,DH,y,y,NA,,,,,NA,"DH, JGL, SR, ML, AC",TN
20221026,-12,2704,-12_2704,2704 -12,19.4,0,0,Sham,TN,B,1,jgl,y,DH,y,y,NA,,,,,NA,"DH, JGL, SR, ML, AC",TN
20221026,-12,2718,-12_2718,2718 -12,22.5,0,0,Sham,TN,A,1,jgl,y,DH,y,y,NA,,,,,NA,"DH, JGL, SR, ML, AC",TN
20221026,-12,2802,-12_2802,2802 -12,20.5,0,0,Sham,TN,D,1,jgl,y,DH,y,y,NA,,,,,NA,"DH, JGL, SR, ML, AC",TN
20221026,-12,2842,-12_2842,2842 -12,21.8,0,0,Sham,TN,C,1,jgl,y,DH,y,y,NA,,,,,NA,"DH, JGL, SR, ML, AC",TN
20221026,-12,2846,-12_2846,2846 -12,19.9,0,0,Sham,TN,E,3,jgl,y,DH,y,y,NA,,,,,NA,"DH, JGL, SR, ML, AC",TN
20221026,-12,2847,-12_2847,2847 -12,19.6,0,0,Sham,TN,A,2,jgl,y,DH,y,y,NA,,,,,NA,"DH, JGL, SR, ML, AC",TN
20221026,-12,2850,-12_2850,2850 -12,18.8,0,0,MG,TN,D,4,jgl,y,DH,y,y,NA,,,,,NA,"DH, JGL, SR, ML, AC",TN
20221026,-12,2869,-12_2869,2869 -12,19.9,0,0,MG,TN,A,3,jgl,y,DH,y,y,NA,,,,,NA,"DH, JGL, SR, ML, AC",TN
20221026,-12,2874,-12_2874,2874 -12,19.5,0,0,MG,TN,D,3,jgl,y,DH,y,y,NA,,,,,NA,"DH, JGL, SR, ML, AC",TN
20221026,-12,2879,-12_2879,2879 -12,20.9,0,0,MG,TN,A,4,jgl,y,DH,y,y,NA,,,,,NA,"DH, JGL, SR, ML, AC",TN
20221026,-12,2883,-12_2883,2883 -12,20.8,0,0,MG,TN,B,4,jgl,y,DH,y,y,NA,,,,,NA,"DH, JGL, SR, ML, AC",TN
20221026,-12,2889,-12_2889,2889 -12,20.9,0,0,MG,TN,F,2,jgl,y,DH,y,y,NA,,,,,NA,"DH, JGL, SR, ML, AC",TN
20221026,-12,2904,-12_2904,2904 -12,19.1,0,0,MG,TN,F,3,jgl,y,DH,y,y,NA,,,,,NA,"DH, JGL, SR, ML, AC",TN
20221026,-12,2906,-12_2906,2906 -12,19.4,0,0,Sham,TN,E,2,jgl,y,DH,y,y,NA,,,,,NA,"DH, JGL, SR, ML, AC",TN
20221026,-12,2907,-12_2907,2907 -12,19.8,0,0,MG,TN,F,4,jgl,y,DH,y,y,NA,,,,,NA,"DH, JGL, SR, ML, AC",TN
20221026,-12,2911,-12_2911,2911 -12,20,0,0,Sham,TN,E,1,jgl,y,DH,y,y,NA,,,,,NA,"DH, JGL, SR, ML, AC",TN
20221026,-12,2914,-12_2914,2914 -12,20.2,0,0,MG,TN,C,2,jgl,y,DH,y,y,NA,,,,,NA,"DH, JGL, SR, ML, AC",TN
20221026,-12,2920,-12_2920,2920 -12,21.3,0,0,MG,TN,B,3,jgl,y,DH,y,y,NA,,,,,NA,"DH, JGL, SR, ML, AC",TN
20221026,-12,2926,-12_2926,2926 -12,20.1,0,0,MG,TN,C,3,jgl,y,DH,y,y,NA,,,,,NA,"DH, JGL, SR, ML, AC",TN
20221026,-12,2929,-12_2929,2929 -12,20.4,0,0,Sham,TN,B,2,jgl,y,DH,y,y,NA,,,,,NA,"DH, JGL, SR, ML, AC",TN
20221107,0,2573,0_2573,NA,NA,NA,NA,Sham,ST,C,2,NA,NA,NA,NA,NA,NA,"DH,=MG inoculator, ML =Sham inoculator. ST inoculated 1st; started 9:10am. TN started 10am done 10:40.",,,,NA,"DH, JGL, ML, CV, ZG, SJ",ST
20221107,0,2603,0_2603,NA,NA,NA,NA,MG,ST,B,3,NA,NA,NA,NA,NA,NA,,,,,NA,"DH, JGL, ML, CV, ZG, SJ",ST
20221107,0,2623,0_2623,NA,NA,NA,NA,MG,ST,F,3,NA,NA,NA,NA,NA,NA,,,,,NA,"DH, JGL, ML, CV, ZG, SJ",ST
20221107,0,2653,0_2653,NA,NA,NA,NA,MG,ST,B,4,NA,NA,NA,NA,NA,NA,,,,,NA,"DH, JGL, ML, CV, ZG, SJ",ST
20221107,0,2655,0_2655,NA,NA,NA,NA,MG,ST,C,4,NA,NA,NA,NA,NA,NA,,,,,NA,"DH, JGL, ML, CV, ZG, SJ",ST
20221107,0,2667,0_2667,NA,NA,NA,NA,Sham,ST,C,1,NA,NA,NA,NA,NA,NA,,,,,NA,"DH, JGL, ML, CV, ZG, SJ",ST
20221107,0,2684,0_2684,NA,NA,NA,NA,Sham,ST,E,1,NA,NA,NA,NA,NA,NA,,,,,NA,"DH, JGL, ML, CV, ZG, SJ",ST
20221107,0,2687,0_2687,NA,NA,NA,NA,MG,ST,D,1,NA,NA,NA,NA,NA,NA,,,,,NA,"DH, JGL, ML, CV, ZG, SJ",ST
20221107,0,2689,0_2689,NA,NA,NA,NA,MG,ST,D,4,NA,NA,NA,NA,NA,NA,,,,,NA,"DH, JGL, ML, CV, ZG, SJ",ST
20221107,0,2741,0_2741,NA,NA,NA,NA,MG,ST,A,4,NA,NA,NA,NA,NA,NA,,,,,NA,"DH, JGL, ML, CV, ZG, SJ",ST
20221107,0,2750,0_2750,NA,NA,NA,NA,Sham,ST,C,3,NA,NA,NA,NA,NA,NA,,,,,NA,"DH, JGL, ML, CV, ZG, SJ",ST
20221107,0,2764,0_2764,NA,NA,NA,NA,MG,ST,F,1,NA,NA,NA,NA,NA,NA,,,,,NA,"DH, JGL, ML, CV, ZG, SJ",ST
20221107,0,2775,0_2775,NA,NA,NA,NA,MG,ST,F,2,NA,NA,NA,NA,NA,NA,,,,,NA,"DH, JGL, ML, CV, ZG, SJ",ST
20221107,0,2789,0_2789,NA,NA,NA,NA,Sham,ST,E,2,NA,NA,NA,NA,NA,NA,,,,,NA,"DH, JGL, ML, CV, ZG, SJ",ST
20221107,0,2799,0_2799,NA,NA,NA,NA,Sham,ST,B,2,NA,NA,NA,NA,NA,NA,,,,,NA,"DH, JGL, ML, CV, ZG, SJ",ST
20221107,0,2813,0_2813,NA,NA,NA,NA,Sham,ST,A,1,NA,NA,NA,NA,NA,NA,,,,,NA,"DH, JGL, ML, CV, ZG, SJ",ST
20221107,0,2880,0_2880,NA,NA,NA,NA,MG,ST,A,3,NA,NA,NA,NA,NA,NA,,,,,NA,"DH, JGL, ML, CV, ZG, SJ",ST
20221107,0,2892,0_2892,NA,NA,NA,NA,MG,ST,D,3,NA,NA,NA,NA,NA,NA,,,,,NA,"DH, JGL, ML, CV, ZG, SJ",ST
20221107,0,2893,0_2893,NA,NA,NA,NA,Sham,ST,E,3,NA,NA,NA,NA,NA,NA,,,,,NA,"DH, JGL, ML, CV, ZG, SJ",ST
20221107,0,2894,0_2894,NA,NA,NA,NA,MG,ST,D,2,NA,NA,NA,NA,NA,NA,,,,,NA,"DH, JGL, ML, CV, ZG, SJ",ST
20221107,0,2903,0_2903,NA,NA,NA,NA,MG,ST,F,4,NA,NA,NA,NA,NA,NA,,,,,NA,"DH, JGL, ML, CV, ZG, SJ",ST
20221107,0,2921,0_2921,NA,NA,NA,NA,Sham,ST,A,2,NA,NA,NA,NA,NA,NA,,,,,NA,"DH, JGL, ML, CV, ZG, SJ",ST
20221107,0,2928,0_2928,NA,NA,NA,NA,MG,ST,E,4,NA,NA,NA,NA,NA,NA,,,,,NA,"DH, JGL, ML, CV, ZG, SJ",ST
20221107,0,2939,0_2939,NA,NA,NA,NA,Sham,ST,B,1,NA,NA,NA,NA,NA,NA,,,,,NA,"DH, JGL, ML, CV, ZG, SJ",ST
20221107,0,2581,0_2581,NA,NA,NA,NA,MG,TN,D,2,NA,NA,NA,NA,NA,NA,,,,,NA,"DH, JGL, ML, CV, ZG, SJ",ST
20221107,0,2632,0_2632,NA,NA,NA,NA,Sham,TN,F,1,NA,NA,NA,NA,NA,NA,,,,,NA,"DH, JGL, ML, CV, ZG, SJ",ST
20221107,0,2648,0_2648,NA,NA,NA,NA,MG,TN,C,4,NA,NA,NA,NA,NA,NA,,,,,NA,"DH, JGL, ML, CV, ZG, SJ",ST
20221107,0,2690,0_2690,NA,NA,NA,NA,MG,TN,E,4,NA,NA,NA,NA,NA,NA,,,,,NA,"DH, JGL, ML, CV, ZG, SJ",ST
20221107,0,2704,0_2704,NA,NA,NA,NA,Sham,TN,B,1,NA,NA,NA,NA,NA,NA,,,,,NA,"DH, JGL, ML, CV, ZG, SJ",ST
20221107,0,2718,0_2718,NA,NA,NA,NA,Sham,TN,A,1,NA,NA,NA,NA,NA,NA,,,,,NA,"DH, JGL, ML, CV, ZG, SJ",ST
20221107,0,2802,0_2802,NA,NA,NA,NA,Sham,TN,D,1,NA,NA,NA,NA,NA,NA,,,,,NA,"DH, JGL, ML, CV, ZG, SJ",ST
20221107,0,2842,0_2842,NA,NA,NA,NA,Sham,TN,C,1,NA,NA,NA,NA,NA,NA,,,,,NA,"DH, JGL, ML, CV, ZG, SJ",ST
20221107,0,2846,0_2846,NA,NA,NA,NA,Sham,TN,E,3,NA,NA,NA,NA,NA,NA,,,,,NA,"DH, JGL, ML, CV, ZG, SJ",ST
20221107,0,2847,0_2847,NA,NA,NA,NA,Sham,TN,A,2,NA,NA,NA,NA,NA,NA,,,,,NA,"DH, JGL, ML, CV, ZG, SJ",ST
20221107,0,2850,0_2850,NA,NA,NA,NA,MG,TN,D,4,NA,NA,NA,NA,NA,NA,,,,,NA,"DH, JGL, ML, CV, ZG, SJ",ST
20221107,0,2869,0_2869,NA,NA,NA,NA,MG,TN,A,3,NA,NA,NA,NA,NA,NA,,,,,NA,"DH, JGL, ML, CV, ZG, SJ",ST
20221107,0,2874,0_2874,NA,NA,NA,NA,MG,TN,D,3,NA,NA,NA,NA,NA,NA,,,,,NA,"DH, JGL, ML, CV, ZG, SJ",ST
20221107,0,2879,0_2879,NA,NA,NA,NA,MG,TN,A,4,NA,NA,NA,NA,NA,NA,,,,,NA,"DH, JGL, ML, CV, ZG, SJ",ST
20221107,0,2883,0_2883,NA,NA,NA,NA,MG,TN,B,4,NA,NA,NA,NA,NA,NA,,,,,NA,"DH, JGL, ML, CV, ZG, SJ",ST
20221107,0,2889,0_2889,NA,NA,NA,NA,MG,TN,F,2,NA,NA,NA,NA,NA,NA,,,,,NA,"DH, JGL, ML, CV, ZG, SJ",ST
20221107,0,2904,0_2904,NA,NA,NA,NA,MG,TN,F,3,NA,NA,NA,NA,NA,NA,,,,,NA,"DH, JGL, ML, CV, ZG, SJ",ST
20221107,0,2906,0_2906,NA,NA,NA,NA,Sham,TN,E,2,NA,NA,NA,NA,NA,NA,,,,,NA,"DH, JGL, ML, CV, ZG, SJ",ST
20221107,0,2907,0_2907,NA,NA,NA,NA,MG,TN,F,4,NA,NA,NA,NA,NA,NA,,,,,NA,"DH, JGL, ML, CV, ZG, SJ",ST
20221107,0,2911,0_2911,NA,NA,NA,NA,Sham,TN,E,1,NA,NA,NA,NA,NA,NA,,,,,NA,"DH, JGL, ML, CV, ZG, SJ",ST
20221107,0,2914,0_2914,NA,NA,NA,NA,MG,TN,C,2,NA,NA,NA,NA,NA,NA,"took a long time to catch, may impact temp",,,,NA,"DH, JGL, ML, CV, ZG, SJ",ST
20221107,0,2920,0_2920,NA,NA,NA,NA,MG,TN,B,3,NA,NA,NA,NA,NA,NA,,,,,NA,"DH, JGL, ML, CV, ZG, SJ",ST
20221107,0,2926,0_2926,NA,NA,NA,NA,MG,TN,C,3,NA,NA,NA,NA,NA,NA,,,,,NA,"DH, JGL, ML, CV, ZG, SJ",ST
20221107,0,2929,0_2929,NA,NA,NA,NA,Sham,TN,B,2,NA,NA,NA,NA,NA,NA,,,,,NA,"DH, JGL, ML, CV, ZG, SJ",ST
20221109,2,2573,2_2573,NA,NA,NA,NA,Sham,ST,C,2,NA,NA,NA,,,,,910,944,NA,NA,"DH, JGL, SR, CV",ST
20221109,2,2603,2_2603,NA,NA,NA,NA,MG,ST,B,3,NA,NA,NA,,,,,910,1009,1010,NA,"DH, JGL, SR, CV",ST
20221109,2,2623,2_2623,NA,NA,NA,NA,MG,ST,F,3,NA,NA,NA,,,,,910,NA,918,NA,"DH, JGL, SR, CV",ST
20221109,2,2653,2_2653,NA,NA,NA,NA,MG,ST,B,4,NA,NA,NA,,,,,910,951,953,NA,"DH, JGL, SR, CV",ST
20221109,2,2655,2_2655,NA,NA,NA,NA,MG,ST,C,4,NA,NA,NA,,,,,910,1013,1014,NA,"DH, JGL, SR, CV",ST
20221109,2,2667,2_2667,NA,NA,NA,NA,Sham,ST,C,1,NA,NA,NA,,,,,910,936,936,NA,"DH, JGL, SR, CV",ST
20221109,2,2684,2_2684,NA,NA,NA,NA,Sham,ST,E,1,NA,NA,NA,,,,,910,NA,910,NA,"DH, JGL, SR, CV",ST
20221109,2,2687,2_2687,NA,NA,NA,NA,MG,ST,D,1,NA,NA,NA,,,,no plasma but yes smear,910,948,949,NA,"DH, JGL, SR, CV",ST
20221109,2,2689,2_2689,NA,NA,NA,NA,MG,ST,D,4,NA,NA,NA,,,,,910,933,933,NA,"DH, JGL, SR, CV",ST
20221109,2,2741,2_2741,NA,NA,NA,NA,MG,ST,A,4,NA,NA,NA,,,,,910,1008,1009,NA,"DH, JGL, SR, CV",ST
20221109,2,2750,2_2750,NA,NA,NA,NA,Sham,ST,C,3,NA,NA,NA,,,,,910,949,949,NA,"DH, JGL, SR, CV",ST
20221109,2,2764,2_2764,NA,NA,NA,NA,MG,ST,F,1,NA,NA,NA,,,,,910,NA,921,NA,"DH, JGL, SR, CV",ST
20221109,2,2775,2_2775,NA,NA,NA,NA,MG,ST,F,2,NA,NA,NA,,,,,910,NA,910,NA,"DH, JGL, SR, CV",ST
20221109,2,2789,2_2789,NA,NA,NA,NA,Sham,ST,E,2,NA,NA,NA,,,,cage injury,910,NA,919,NA,"DH, JGL, SR, CV",ST
20221109,2,2799,2_2799,NA,NA,NA,NA,Sham,ST,B,2,NA,NA,NA,,,,,910,1004,1005,NA,"DH, JGL, SR, CV",ST
20221109,2,2813,2_2813,NA,NA,NA,NA,Sham,ST,A,1,NA,NA,NA,,,,,910,958,959,NA,"DH, JGL, SR, CV",ST
20221109,2,2880,2_2880,NA,NA,NA,NA,MG,ST,A,3,NA,NA,NA,,,,,910,958,959,NA,"DH, JGL, SR, CV",ST
20221109,2,2892,2_2892,NA,NA,NA,NA,MG,ST,D,3,NA,NA,NA,,,,poofed a lot,910,941,942,NA,"DH, JGL, SR, CV",ST
20221109,2,2893,2_2893,NA,NA,NA,NA,Sham,ST,E,3,NA,NA,NA,,,,,910,NA,924,NA,"DH, JGL, SR, CV",ST
20221109,2,2894,2_2894,NA,NA,NA,NA,MG,ST,D,2,NA,NA,NA,,,,,910,937,938,NA,"DH, JGL, SR, CV",ST
20221109,2,2903,2_2903,NA,NA,NA,NA,MG,ST,F,4,NA,NA,NA,,,,,910,925,927,NA,"DH, JGL, SR, CV",ST
20221109,2,2921,2_2921,NA,NA,NA,NA,Sham,ST,A,2,NA,NA,NA,,,,,910,1005,1005,NA,"DH, JGL, SR, CV",ST
20221109,2,2928,2_2928,NA,NA,NA,NA,MG,ST,E,4,NA,NA,NA,,,,,910,929,930,NA,"DH, JGL, SR, CV",ST
20221109,2,2939,2_2939,NA,NA,NA,NA,Sham,ST,B,1,NA,NA,NA,,,,syptic powder on wing before bled,910,954,954,NA,"DH, JGL, SR, CV",ST
20221109,2,2581,2_2581,NA,NA,NA,NA,MG,TN,D,2,NA,NA,NA,,,,,1019,1050,1050,NA,"DH, JGL, SR, CV",ST
20221109,2,2632,2_2632,NA,NA,NA,NA,Sham,TN,F,1,NA,NA,NA,,,,,1019,1029,1030,NA,"DH, JGL, SR, CV",ST
20221109,2,2648,2_2648,NA,NA,NA,NA,MG,TN,C,4,NA,NA,NA,,,,,1019,1059,1059,NA,"DH, JGL, SR, CV",ST
20221109,2,2690,2_2690,NA,NA,NA,NA,MG,TN,E,4,NA,NA,NA,,,,,1019,1037,1039,NA,"DH, JGL, SR, CV",ST
20221109,2,2704,2_2704,NA,NA,NA,NA,Sham,TN,B,1,NA,NA,NA,,,,,1019,1120,1122,NA,"DH, JGL, SR, CV",ST
20221109,2,2718,2_2718,NA,NA,NA,NA,Sham,TN,A,1,NA,NA,NA,,,,,1019,1108,1108,NA,"DH, JGL, SR, CV",ST
20221109,2,2802,2_2802,NA,NA,NA,NA,Sham,TN,D,1,NA,NA,NA,,,,,1019,1048,1048,NA,"DH, JGL, SR, CV",ST
20221109,2,2842,2_2842,NA,NA,NA,NA,Sham,TN,C,1,NA,NA,NA,,,,,1019,1104,1104,NA,"DH, JGL, SR, CV",ST
20221109,2,2846,2_2846,NA,NA,NA,NA,Sham,TN,E,3,NA,NA,NA,,,,,1019,1039,1040,NA,"DH, JGL, SR, CV",ST
20221109,2,2847,2_2847,NA,NA,NA,NA,Sham,TN,A,2,NA,NA,NA,,,,,1019,1125,1126,NA,"DH, JGL, SR, CV",ST
20221109,2,2850,2_2850,NA,NA,NA,NA,MG,TN,D,4,NA,NA,NA,,,,,1019,1105,1105,NA,"DH, JGL, SR, CV",ST
20221109,2,2869,2_2869,NA,NA,NA,NA,MG,TN,A,3,NA,NA,NA,,,,,1019,1019,1020,NA,"DH, JGL, SR, CV",ST
20221109,2,2874,2_2874,NA,NA,NA,NA,MG,TN,D,3,NA,NA,NA,,,,,1019,1051,1052,NA,"DH, JGL, SR, CV",ST
20221109,2,2879,2_2879,NA,NA,NA,NA,MG,TN,A,4,NA,NA,NA,,,,,1019,1110,1110,NA,"DH, JGL, SR, CV",ST
20221109,2,2883,2_2883,NA,NA,NA,NA,MG,TN,B,4,NA,NA,NA,,,,,1019,1117,1119,NA,"DH, JGL, SR, CV",ST
20221109,2,2889,2_2889,NA,NA,NA,NA,MG,TN,F,2,NA,NA,NA,,,,,1019,1028,1030,NA,"DH, JGL, SR, CV",ST
20221109,2,2904,2_2904,NA,NA,NA,NA,MG,TN,F,3,NA,NA,NA,,,,,1019,1035,1035,NA,"DH, JGL, SR, CV",ST
20221109,2,2906,2_2906,NA,NA,NA,NA,Sham,TN,E,2,NA,NA,NA,,,,,1019,1045,1045,NA,"DH, JGL, SR, CV",ST
20221109,2,2907,2_2907,NA,NA,NA,NA,MG,TN,F,4,NA,NA,NA,,,,,1019,1033,1034,NA,"DH, JGL, SR, CV",ST
20221109,2,2911,2_2911,NA,NA,NA,NA,Sham,TN,E,1,NA,NA,NA,,,,,1019,1043,1044,NA,"DH, JGL, SR, CV",ST
20221109,2,2914,2_2914,NA,NA,NA,NA,MG,TN,C,2,NA,NA,NA,,,,,1019,1054,1054,NA,"DH, JGL, SR, CV",ST
20221109,2,2920,2_2920,NA,NA,NA,NA,MG,TN,B,3,NA,NA,NA,,,,,1019,1125,1128,NA,"DH, JGL, SR, CV",ST
20221109,2,2926,2_2926,NA,NA,NA,NA,MG,TN,C,3,NA,NA,NA,,,,,1019,1059,1059,NA,"DH, JGL, SR, CV",ST
20221109,2,2929,2_2929,NA,NA,NA,NA,Sham,TN,B,2,NA,NA,NA,,,,,1019,1115,1116,NA,"DH, JGL, SR, CV",ST
20221110,3,2573,3_2573,,20.6,0,0,Sham,ST,C,2,jgl,,apu,NA,NA,NA,,905,NA,NA,NA,"JGL, APU, MA, ZG",ST
20221110,3,2603,3_2603,,21.8,0,0,MG,ST,B,3,jgl,,apu,NA,NA,NA,,905,NA,NA,NA,"JGL, APU, MA, ZG",ST
20221110,3,2623,3_2623,,22.3,0,0,MG,ST,F,3,jgl,,apu,NA,NA,NA,,905,NA,NA,NA,"JGL, APU, MA, ZG",ST
20221110,3,2653,3_2653,,21.5,0,0,MG,ST,B,4,jgl,,apu,NA,NA,NA,,905,NA,NA,NA,"JGL, APU, MA, ZG",ST
20221110,3,2655,3_2655,,21.3,0,0,MG,ST,C,4,jgl,,apu,NA,NA,NA,,905,NA,NA,NA,"JGL, APU, MA, ZG",ST
20221110,3,2667,3_2667,,20.3,0,0,Sham,ST,C,1,jgl,,apu,NA,NA,NA,,905,NA,NA,NA,"JGL, APU, MA, ZG",ST
20221110,3,2684,3_2684,,21.6,0,0,Sham,ST,E,1,jgl,,apu,NA,NA,NA,pink rimmed eyes,905,NA,NA,NA,"JGL, APU, MA, ZG",ST
20221110,3,2687,3_2687,,20.5,0,0,MG,ST,D,1,jgl,,apu,NA,NA,NA,R eye droopy,905,NA,NA,NA,"JGL, APU, MA, ZG",ST
20221110,3,2689,3_2689,,19,0,0,MG,ST,D,4,jgl,,apu,NA,NA,NA,,905,NA,NA,NA,"JGL, APU, MA, ZG",ST
20221110,3,2741,3_2741,,19.8,0,0,MG,ST,A,4,jgl,,apu,NA,NA,NA,,905,NA,NA,NA,"JGL, APU, MA, ZG",ST
20221110,3,2750,3_2750,,19.8,0,0,Sham,ST,C,3,jgl,,apu,NA,NA,NA,,905,NA,NA,NA,"JGL, APU, MA, ZG",ST
20221110,3,2764,3_2764,,22.3,0,0,MG,ST,F,1,jgl,,apu,NA,NA,NA,,905,NA,NA,NA,"JGL, APU, MA, ZG",ST
20221110,3,2775,3_2775,,20.3,0,0,MG,ST,F,2,jgl,,apu,NA,NA,NA,,905,NA,NA,NA,"JGL, APU, MA, ZG",ST
20221110,3,2789,3_2789,,19.9,0,0,Sham,ST,E,2,jgl,,apu,NA,NA,NA,,905,NA,NA,NA,"JGL, APU, MA, ZG",ST
20221110,3,2799,3_2799,,20.7,0,0,Sham,ST,B,2,jgl,,apu,NA,NA,NA,,905,NA,NA,NA,"JGL, APU, MA, ZG",ST
20221110,3,2813,3_2813,,19.7,0,0,Sham,ST,A,1,jgl,,apu,NA,NA,NA,,905,NA,NA,NA,"JGL, APU, MA, ZG",ST
20221110,3,2880,3_2880,,19.6,0,0,MG,ST,A,3,jgl,,apu,NA,NA,NA,,905,NA,NA,NA,"JGL, APU, MA, ZG",ST
20221110,3,2892,3_2892,,22,0,0,MG,ST,D,3,jgl,,apu,NA,NA,NA,,905,NA,NA,NA,"JGL, APU, MA, ZG",ST
20221110,3,2893,3_2893,,19.6,0,0,Sham,ST,E,3,jgl,,apu,NA,NA,NA,,905,NA,NA,NA,"JGL, APU, MA, ZG",ST
20221110,3,2894,3_2894,,21.1,0,0,MG,ST,D,2,jgl,,apu,NA,NA,NA,,905,NA,NA,NA,"JGL, APU, MA, ZG",ST
20221110,3,2903,3_2903,,20.9,0,0,MG,ST,F,4,jgl,,apu,NA,NA,NA,,905,NA,NA,NA,"JGL, APU, MA, ZG",ST
20221110,3,2921,3_2921,,20.1,0,0,Sham,ST,A,2,jgl,,apu,NA,NA,NA,,905,NA,NA,NA,"JGL, APU, MA, ZG",ST
20221110,3,2928,3_2928,,20.3,0,0,MG,ST,E,4,jgl,,apu,NA,NA,NA,,905,NA,NA,NA,"JGL, APU, MA, ZG",ST
20221110,3,2939,3_2939,,19.6,0,0,Sham,ST,B,1,jgl,,apu,NA,NA,NA,both eyes possibly swollen? Or may be cage injury,905,NA,NA,NA,"JGL, APU, MA, ZG",ST
20221110,3,2581,3_2581,,19.1,0,0,MG,TN,D,2,jgl,,apu,NA,NA,NA,,953,NA,NA,NA,"JGL, APU, MA, ZG",ST
20221110,3,2632,3_2632,,17.5,0,0,Sham,TN,F,1,jgl,,apu,NA,NA,NA,,953,NA,NA,NA,"JGL, APU, MA, ZG",ST
20221110,3,2648,3_2648,,19.3,0,0,MG,TN,C,4,jgl,,apu,NA,NA,NA,,953,NA,NA,NA,"JGL, APU, MA, ZG",ST
20221110,3,2690,3_2690,,22.6,0,0,MG,TN,E,4,jgl,,apu,NA,NA,NA,both eyes red-rimmed,953,NA,NA,NA,"JGL, APU, MA, ZG",ST
20221110,3,2704,3_2704,,19.1,0,0,Sham,TN,B,1,jgl,,apu,NA,NA,NA,,953,NA,NA,NA,"JGL, APU, MA, ZG",ST
20221110,3,2718,3_2718,,22.8,0,0,Sham,TN,A,1,jgl,,apu,NA,NA,NA,,953,NA,NA,NA,"JGL, APU, MA, ZG",ST
20221110,3,2802,3_2802,,19.9,0,0,Sham,TN,D,1,jgl,,apu,NA,NA,NA,,953,NA,NA,NA,"JGL, APU, MA, ZG",ST
20221110,3,2842,3_2842,,21.1,0,0,Sham,TN,C,1,jgl,,apu,NA,NA,NA,,953,NA,NA,NA,"JGL, APU, MA, ZG",ST
20221110,3,2846,3_2846,,19.1,0,0,Sham,TN,E,3,jgl,,apu,NA,NA,NA,cage injury - Ab applied,953,NA,NA,NA,"JGL, APU, MA, ZG",ST
20221110,3,2847,3_2847,,19.4,0,0,Sham,TN,A,2,jgl,,apu,NA,NA,NA,,953,NA,NA,NA,"JGL, APU, MA, ZG",ST
20221110,3,2850,3_2850,,18.6,0,0,MG,TN,D,4,jgl,,apu,NA,NA,NA,,953,NA,NA,NA,"JGL, APU, MA, ZG",ST
20221110,3,2869,3_2869,,19.3,0,0,MG,TN,A,3,jgl,,apu,NA,NA,NA,,953,NA,NA,NA,"JGL, APU, MA, ZG",ST
20221110,3,2874,3_2874,,19.4,0,0,MG,TN,D,3,jgl,,apu,NA,NA,NA,,953,NA,NA,NA,"JGL, APU, MA, ZG",ST
20221110,3,2879,3_2879,,20.3,0,0,MG,TN,A,4,jgl,,apu,NA,NA,NA,,953,NA,NA,NA,"JGL, APU, MA, ZG",ST
20221110,3,2883,3_2883,,19.9,0,0,MG,TN,B,4,jgl,,apu,NA,NA,NA,,953,NA,NA,NA,"JGL, APU, MA, ZG",ST
20221110,3,2889,3_2889,,20.7,0,0,MG,TN,F,2,jgl,,apu,NA,NA,NA,,953,NA,NA,NA,"JGL, APU, MA, ZG",ST
20221110,3,2904,3_2904,,19.4,0,0,MG,TN,F,3,jgl,,apu,NA,NA,NA,,953,NA,NA,NA,"JGL, APU, MA, ZG",ST
20221110,3,2906,3_2906,,19.7,0,0,Sham,TN,E,2,jgl,,apu,NA,NA,NA,,953,NA,NA,NA,"JGL, APU, MA, ZG",ST
20221110,3,2907,3_2907,,19.5,0,0,MG,TN,F,4,jgl,,apu,NA,NA,NA,,953,NA,NA,NA,"JGL, APU, MA, ZG",ST
20221110,3,2911,3_2911,,19.4,0,0,Sham,TN,E,1,jgl,,apu,NA,NA,NA,,953,NA,NA,NA,"JGL, APU, MA, ZG",ST
20221110,3,2914,3_2914,,19.5,0,0,MG,TN,C,2,jgl,,apu,NA,NA,NA,,953,NA,NA,NA,"JGL, APU, MA, ZG",ST
20221110,3,2920,3_2920,,20,0,0,MG,TN,B,3,jgl,,apu,NA,NA,NA,,953,NA,NA,NA,"JGL, APU, MA, ZG",ST
20221110,3,2926,3_2926,,19.4,0,0,MG,TN,C,3,jgl,,apu,NA,NA,NA,,953,NA,NA,NA,"JGL, APU, MA, ZG",ST
20221110,3,2929,3_2929,,19.5,0,0,Sham,TN,B,2,jgl,,apu,NA,NA,NA,,953,NA,NA,NA,"JGL, APU, MA, ZG",ST
20221114,7,2573,7_2573,NA,NA,0,0,Sham,ST,C,2,jgl,NA,NA,NA,NA,NA,,1000,NA,NA,NA,"JGL, AA",TN
20221114,7,2603,7_2603,NA,NA,0,0,MG,ST,B,3,jgl,NA,NA,NA,NA,NA,,1000,NA,NA,NA,"JGL, AA",TN
20221114,7,2623,7_2623,NA,NA,0,0,MG,ST,F,3,jgl,NA,NA,NA,NA,NA,,1000,NA,NA,NA,"JGL, AA",TN
20221114,7,2653,7_2653,NA,NA,0,0,MG,ST,B,4,jgl,NA,NA,NA,NA,NA,,1000,NA,NA,NA,"JGL, AA",TN
20221114,7,2655,7_2655,NA,NA,0,0,MG,ST,C,4,jgl,NA,NA,NA,NA,NA,,1000,NA,NA,NA,"JGL, AA",TN
20221114,7,2667,7_2667,NA,NA,0,0,Sham,ST,C,1,jgl,NA,NA,NA,NA,NA,,1000,NA,NA,NA,"JGL, AA",TN
20221114,7,2684,7_2684,NA,NA,0,0,Sham,ST,E,1,jgl,NA,NA,NA,NA,NA,,1000,NA,NA,NA,"JGL, AA",TN
20221114,7,2687,7_2687,NA,NA,0,0,MG,ST,D,1,jgl,NA,NA,NA,NA,NA,,1000,NA,NA,NA,"JGL, AA",TN
20221114,7,2689,7_2689,NA,NA,0,0,MG,ST,D,4,jgl,NA,NA,NA,NA,NA,,1000,NA,NA,NA,"JGL, AA",TN
20221114,7,2741,7_2741,NA,NA,0,0,MG,ST,A,4,jgl,NA,NA,NA,NA,NA,,1000,NA,NA,NA,"JGL, AA",TN
20221114,7,2750,7_2750,NA,NA,0,0,Sham,ST,C,3,jgl,NA,NA,NA,NA,NA,,1000,NA,NA,NA,"JGL, AA",TN
20221114,7,2764,7_2764,NA,NA,0,0,MG,ST,F,1,jgl,NA,NA,NA,NA,NA,,1000,NA,NA,NA,"JGL, AA",TN
20221114,7,2775,7_2775,NA,NA,0,0,MG,ST,F,2,jgl,NA,NA,NA,NA,NA,,1000,NA,NA,NA,"JGL, AA",TN
20221114,7,2789,7_2789,NA,NA,0,0,Sham,ST,E,2,jgl,NA,NA,NA,NA,NA,cage injury L eye,1000,NA,NA,NA,"JGL, AA",TN
20221114,7,2799,7_2799,NA,NA,0,0,Sham,ST,B,2,jgl,NA,NA,NA,NA,NA,,1000,NA,NA,NA,"JGL, AA",TN
20221114,7,2813,7_2813,NA,NA,0,0,Sham,ST,A,1,jgl,NA,NA,NA,NA,NA,,1000,NA,NA,NA,"JGL, AA",TN
20221114,7,2880,7_2880,NA,NA,0,0.5,MG,ST,A,3,jgl,NA,NA,NA,NA,NA,,1000,NA,NA,NA,"JGL, AA",TN
20221114,7,2892,7_2892,NA,NA,0,0,MG,ST,D,3,jgl,NA,NA,NA,NA,NA,,1000,NA,NA,NA,"JGL, AA",TN
20221114,7,2893,7_2893,NA,NA,0,0,Sham,ST,E,3,jgl,NA,NA,NA,NA,NA,,1000,NA,NA,NA,"JGL, AA",TN
20221114,7,2894,7_2894,NA,NA,0.5,0.5,MG,ST,D,2,jgl,NA,NA,NA,NA,NA,cage injury R eye,1000,NA,NA,NA,"JGL, AA",TN
20221114,7,2903,7_2903,NA,NA,0,0.5,MG,ST,F,4,jgl,NA,NA,NA,NA,NA,R eye blood on glove,1000,NA,NA,NA,"JGL, AA",TN
20221114,7,2921,7_2921,NA,NA,0,0,Sham,ST,A,2,jgl,NA,NA,NA,NA,NA,,1000,NA,NA,NA,"JGL, AA",TN
20221114,7,2928,7_2928,NA,NA,0,0,MG,ST,E,4,jgl,NA,NA,NA,NA,NA,,1000,NA,NA,NA,"JGL, AA",TN
20221114,7,2939,7_2939,NA,NA,0,0,Sham,ST,B,1,jgl,NA,NA,NA,NA,NA,L eye swollen (cage injury); end room 1030,1000,NA,NA,NA,"JGL, AA",TN
20221114,7,2581,7_2581,NA,NA,0,0,MG,TN,D,2,jgl,NA,NA,NA,NA,NA,R eye pink,915,NA,NA,NA,"JGL, AA",TN
20221114,7,2632,7_2632,NA,NA,0,0,Sham,TN,F,1,jgl,NA,NA,NA,NA,NA,,915,NA,NA,NA,"JGL, AA",TN
20221114,7,2648,7_2648,NA,NA,0,0,MG,TN,C,4,jgl,NA,NA,NA,NA,NA,,915,NA,NA,NA,"JGL, AA",TN
20221114,7,2690,7_2690,NA,NA,0,0.5,MG,TN,E,4,jgl,NA,NA,NA,NA,NA,,915,NA,NA,NA,"JGL, AA",TN
20221114,7,2704,7_2704,NA,NA,0,0,Sham,TN,B,1,jgl,NA,NA,NA,NA,NA,,915,NA,NA,NA,"JGL, AA",TN
20221114,7,2718,7_2718,NA,NA,0,0,Sham,TN,A,1,jgl,NA,NA,NA,NA,NA,,915,NA,NA,NA,"JGL, AA",TN
20221114,7,2802,7_2802,NA,NA,0,0,Sham,TN,D,1,jgl,NA,NA,NA,NA,NA,,915,NA,NA,NA,"JGL, AA",TN
20221114,7,2842,7_2842,NA,NA,0,0,Sham,TN,C,1,jgl,NA,NA,NA,NA,NA,,915,NA,NA,NA,"JGL, AA",TN
20221114,7,2846,7_2846,NA,NA,0,0,Sham,TN,E,3,jgl,NA,NA,NA,NA,NA,cage injury L+R face - ab applied,915,NA,NA,NA,"JGL, AA",TN
20221114,7,2847,7_2847,NA,NA,0,0,Sham,TN,A,2,jgl,NA,NA,NA,NA,NA,,915,NA,NA,NA,"JGL, AA",TN
20221114,7,2850,7_2850,NA,NA,0,0.5,MG,TN,D,4,jgl,NA,NA,NA,NA,NA,,915,NA,NA,NA,"JGL, AA",TN
20221114,7,2869,7_2869,NA,NA,0,0,MG,TN,A,3,jgl,NA,NA,NA,NA,NA,,915,NA,NA,NA,"JGL, AA",TN
20221114,7,2874,7_2874,NA,NA,0,0,MG,TN,D,3,jgl,NA,NA,NA,NA,NA,,915,NA,NA,NA,"JGL, AA",TN
20221114,7,2879,7_2879,NA,NA,0,1,MG,TN,A,4,jgl,NA,NA,NA,NA,NA,,915,NA,NA,NA,"JGL, AA",TN
20221114,7,2883,7_2883,NA,NA,0,0.5,MG,TN,B,4,jgl,NA,NA,NA,NA,NA,,915,NA,NA,NA,"JGL, AA",TN
20221114,7,2889,7_2889,NA,NA,0.5,0,MG,TN,F,2,jgl,NA,NA,NA,NA,NA,,915,NA,NA,NA,"JGL, AA",TN
20221114,7,2904,7_2904,NA,NA,0,0.5,MG,TN,F,3,jgl,NA,NA,NA,NA,NA,,915,NA,NA,NA,"JGL, AA",TN
20221114,7,2906,7_2906,NA,NA,0,0,Sham,TN,E,2,jgl,NA,NA,NA,NA,NA,,915,NA,NA,NA,"JGL, AA",TN
20221114,7,2907,7_2907,NA,NA,0,0,MG,TN,F,4,jgl,NA,NA,NA,NA,NA,,915,NA,NA,NA,"JGL, AA",TN
20221114,7,2911,7_2911,NA,NA,0,0,Sham,TN,E,1,jgl,NA,NA,NA,NA,NA,,915,NA,NA,NA,"JGL, AA",TN
20221114,7,2914,7_2914,NA,NA,0,0,MG,TN,C,2,jgl,NA,NA,NA,NA,NA,,915,NA,NA,NA,"JGL, AA",TN
20221114,7,2920,7_2920,NA,NA,0,0,MG,TN,B,3,jgl,NA,NA,NA,NA,NA,,915,NA,NA,NA,"JGL, AA",TN
20221114,7,2926,7_2926,NA,NA,0,0,MG,TN,C,3,jgl,NA,NA,NA,NA,NA,eyes pink but not scoreable,915,NA,NA,NA,"JGL, AA",TN
20221114,7,2929,7_2929,NA,NA,0,0,Sham,TN,B,2,jgl,NA,NA,NA,NA,NA,,915,NA,NA,NA,"JGL, AA",TN
20221116,9,2603,9_2603,NA,NA,0,0,MG,ST,B,3,jgl,NA,NA,,,,,906,940,941,NA,"DH, JGL, SR, SJ, AC, BB",ST
20221116,9,2623,9_2623,NA,NA,0,0,MG,ST,F,3,jgl,NA,NA,,,,,906,916,922,NA,"DH, JGL, SR, SJ, AC, BB",ST
20221116,9,2653,9_2653,NA,NA,0,0,MG,ST,B,4,jgl,NA,NA,,,,,906,946,946,NA,"DH, JGL, SR, SJ, AC, BB",ST
20221116,9,2655,9_2655,NA,NA,0,0,MG,ST,C,4,jgl,NA,NA,,,,,906,944,945,NA,"DH, JGL, SR, SJ, AC, BB",ST
20221116,9,2687,9_2687,NA,NA,0,0,MG,ST,D,1,jgl,NA,NA,,,,,906,935,936,NA,"DH, JGL, SR, SJ, AC, BB",ST
20221116,9,2689,9_2689,NA,NA,1.5,0,MG,ST,D,4,jgl,NA,NA,,,,,906,941,943,NA,"DH, JGL, SR, SJ, AC, BB",ST
20221116,9,2741,9_2741,NA,NA,0,0,MG,ST,A,4,jgl,NA,NA,,,,had to poke multiple times to bleed,906,914,915,NA,"DH, JGL, SR, SJ, AC, BB",ST
20221116,9,2764,9_2764,NA,NA,0,0,MG,ST,F,1,jgl,NA,NA,,,,,906,914,914,NA,"DH, JGL, SR, SJ, AC, BB",ST
20221116,9,2775,9_2775,NA,NA,0,0,MG,ST,F,2,jgl,NA,NA,,,,,906,906,909,NA,"DH, JGL, SR, SJ, AC, BB",ST
20221116,9,2880,9_2880,NA,NA,0,1,MG,ST,A,3,jgl,NA,NA,,,,bled excessively,906,907,909,NA,"DH, JGL, SR, SJ, AC, BB",ST
20221116,9,2892,9_2892,NA,NA,0,0,MG,ST,D,3,jgl,NA,NA,,,,,906,935,936,NA,"DH, JGL, SR, SJ, AC, BB",ST
20221116,9,2894,9_2894,NA,NA,1.5,2.5,MG,ST,D,2,jgl,NA,NA,,,,,906,930,930,NA,"DH, JGL, SR, SJ, AC, BB",ST
20221116,9,2903,9_2903,NA,NA,0,2.5,MG,ST,F,4,jgl,NA,NA,,,,blood in r eye,906,922,924,NA,"DH, JGL, SR, SJ, AC, BB",ST
20221116,9,2928,9_2928,NA,NA,0,0,MG,ST,E,4,jgl,NA,NA,,,,,906,930,931,NA,"DH, JGL, SR, SJ, AC, BB",ST
20221116,9,2581,9_2581,NA,NA,0,1,MG,TN,D,2,jgl,NA,NA,,,,,1018,1122,1123,NA,"DH, JGL, SR, SJ, AC, BB",ST
20221116,9,2648,9_2648,NA,NA,0,0,MG,TN,C,4,jgl,NA,NA,,,,,1018,1052,1054,NA,"DH, JGL, SR, SJ, AC, BB",ST
20221116,9,2690,9_2690,NA,NA,0,2.5,MG,TN,E,4,jgl,NA,NA,,,,escaped then caught,1018,1112,1116,NA,"DH, JGL, SR, SJ, AC, BB",ST
20221116,9,2850,9_2850,NA,NA,0,2,MG,TN,D,4,jgl,NA,NA,,,,,1018,1103,1104,NA,"DH, JGL, SR, SJ, AC, BB",ST
20221116,9,2869,9_2869,NA,NA,0,0,MG,TN,A,3,jgl,NA,NA,,,,,1018,1053,1054,NA,"DH, JGL, SR, SJ, AC, BB",ST
20221116,9,2874,9_2874,NA,NA,0,0,MG,TN,D,3,jgl,NA,NA,,,,,1018,1129,1130,NA,"DH, JGL, SR, SJ, AC, BB",ST
20221116,9,2879,9_2879,NA,NA,0,1.5,MG,TN,A,4,jgl,NA,NA,,,,,1018,1033,1034,NA,"DH, JGL, SR, SJ, AC, BB",ST
20221116,9,2883,9_2883,NA,NA,0,1.5,MG,TN,B,4,jgl,NA,NA,,,,,1018,1044,1045,NA,"DH, JGL, SR, SJ, AC, BB",ST
20221116,9,2889,9_2889,NA,NA,2.5,0,MG,TN,F,2,jgl,NA,NA,,,,L eye bleeding at capture,1018,1033,1034,NA,"DH, JGL, SR, SJ, AC, BB",ST
20221116,9,2904,9_2904,NA,NA,0,1,MG,TN,F,3,jgl,NA,NA,,,,,1018,1042,1044,NA,"DH, JGL, SR, SJ, AC, BB",ST
20221116,9,2907,9_2907,NA,NA,0,0,MG,TN,F,4,jgl,NA,NA,,,,,1018,1123,1124,NA,"DH, JGL, SR, SJ, AC, BB",ST
20221116,9,2914,9_2914,NA,NA,0,0,MG,TN,C,2,jgl,NA,NA,,,,cage injury on L side of face,1018,1131,1131,NA,"DH, JGL, SR, SJ, AC, BB",ST
20221116,9,2920,9_2920,NA,NA,0,0,MG,TN,B,3,jgl,NA,NA,,,,,1018,1103,1104,NA,"DH, JGL, SR, SJ, AC, BB",ST
20221116,9,2926,9_2926,NA,NA,0.5,0,MG,TN,C,3,jgl,NA,NA,,,,cage injury bloody scab on beak,1018,1115,1116,NA,"DH, JGL, SR, SJ, AC, BB",ST
20221117,10,2573,10_2573,NA,NA,0,0,Sham,ST,C,2,jgl,NA,NA,,,,,907,920,921,NA,"DH, SR, JG, CV, MA",ST
20221117,10,2667,10_2667,NA,NA,0,0,Sham,ST,C,1,jgl,NA,NA,,,,squinty while bleeding,907,931,932,NA,"DH, SR, JG, CV, MA",ST
20221117,10,2684,10_2684,NA,NA,0,0,Sham,ST,E,1,jgl,NA,NA,,,,,907,910,910,NA,"DH, SR, JG, CV, MA",ST
20221117,10,2750,10_2750,NA,NA,0,0,Sham,ST,C,3,jgl,NA,NA,,,,,907,931,932,NA,"DH, SR, JG, CV, MA",ST
20221117,10,2789,10_2789,NA,NA,0,0,Sham,ST,E,2,jgl,NA,NA,,,,cage injury in front of L eye,907,909,910,NA,"DH, SR, JG, CV, MA",ST
20221117,10,2799,10_2799,NA,NA,0,0,Sham,ST,B,2,jgl,NA,NA,,,,poofy,907,945,945,NA,"DH, SR, JG, CV, MA",ST
20221117,10,2813,10_2813,NA,NA,0,0,Sham,ST,A,1,jgl,NA,NA,,,,slightly poofy,907,942,946,NA,"DH, SR, JG, CV, MA",ST
20221117,10,2893,10_2893,NA,NA,0,0,Sham,ST,E,3,jgl,NA,NA,,,,no plasma tube,907,919,921,NA,"DH, SR, JG, CV, MA",ST
20221117,10,2921,10_2921,NA,NA,0,0,Sham,ST,A,2,jgl,NA,NA,,,,,907,951,954,NA,"DH, SR, JG, CV, MA",ST
20221117,10,2939,10_2939,NA,NA,0,0,Sham,ST,B,1,jgl,NA,NA,,,,,907,950,953,NA,"DH, SR, JG, CV, MA",ST
20221117,10,2632,10_2632,NA,NA,0,0,Sham,TN,F,1,jgl,NA,NA,,,,,1010,1010,1012,NA,"DH, SR, JG, CV, MA",ST
20221117,10,2704,10_2704,NA,NA,0,0,Sham,TN,B,1,jgl,NA,NA,,,,poked a lot,1010,1034,1038,NA,"DH, SR, JG, CV, MA",ST
20221117,10,2718,10_2718,NA,NA,0,0,Sham,TN,A,1,jgl,NA,NA,,,,,1010,1043,1046,NA,"DH, SR, JG, CV, MA",ST
20221117,10,2802,10_2802,NA,NA,0,0,Sham,TN,D,1,jgl,NA,NA,,,,,1010,1026,1029,NA,"DH, SR, JG, CV, MA",ST
20221117,10,2842,10_2842,NA,NA,0,0,Sham,TN,C,1,jgl,NA,NA,,,,,1010,1027,1028,NA,"DH, SR, JG, CV, MA",ST
20221117,10,2846,10_2846,NA,NA,0,0,Sham,TN,E,3,jgl,NA,NA,,,,,1010,1021,1022,NA,"DH, SR, JG, CV, MA",ST
20221117,10,2847,10_2847,NA,NA,0,0,Sham,TN,A,2,jgl,NA,NA,,,,half tube of plasma,1010,1034,1036,NA,"DH, SR, JG, CV, MA",ST
20221117,10,2906,10_2906,NA,NA,0,0,Sham,TN,E,2,jgl,NA,NA,,,,,1010,1010,1012,NA,"DH, SR, JG, CV, MA",ST
20221117,10,2911,10_2911,NA,NA,0,0,Sham,TN,E,1,jgl,NA,NA,,,,,1010,1020,1022,NA,"DH, SR, JG, CV, MA",ST
20221117,10,2929,10_2929,NA,NA,0,0,Sham,TN,B,2,jgl,NA,NA,,,,,1010,1043,1045,NA,"DH, SR, JG, CV, MA",ST
20221121,14,2573,14_2573,,21.3,0,0,Sham,ST,C,2,jgl,,jgl,NA,NA,NA,took 2nd set of fever pictures last,1031,NA,NA,NA,"JGL, AA, BB",TN
20221121,14,2603,14_2603,,21.9,0,0,MG,ST,B,3,jgl,,jgl,NA,NA,NA,,1031,NA,NA,NA,"JGL, AA, BB",TN
20221121,14,2623,14_2623,,22.4,0,0,MG,ST,F,3,jgl,,jgl,NA,NA,NA,,1031,NA,NA,NA,"JGL, AA, BB",TN
20221121,14,2653,14_2653,,21.8,1.5,0,MG,ST,B,4,jgl,,jgl,NA,NA,NA,,1031,NA,NA,NA,"JGL, AA, BB",TN
20221121,14,2655,14_2655,,21.9,0,0,MG,ST,C,4,jgl,,jgl,NA,NA,NA,,1031,NA,NA,NA,"JGL, AA, BB",TN
20221121,14,2667,14_2667,,20.2,0,0,Sham,ST,C,1,jgl,,jgl,NA,NA,NA,,1031,NA,NA,NA,"JGL, AA, BB",TN
20221121,14,2684,14_2684,,21.7,0,0,Sham,ST,E,1,jgl,,jgl,NA,NA,NA,eyes slightly pink r+l,1031,NA,NA,NA,"JGL, AA, BB",TN
20221121,14,2687,14_2687,,20.7,0,0,MG,ST,D,1,jgl,,jgl,NA,NA,NA,,1031,NA,NA,NA,"JGL, AA, BB",TN
20221121,14,2689,14_2689,,19,1.5,0.5,MG,ST,D,4,jgl,,jgl,NA,NA,NA,,1031,NA,NA,NA,"JGL, AA, BB",TN
20221121,14,2741,14_2741,,20,0.5,0,MG,ST,A,4,jgl,,jgl,NA,NA,NA,,1031,NA,NA,NA,"JGL, AA, BB",TN
20221121,14,2750,14_2750,,21.1,0,0,Sham,ST,C,3,jgl,,jgl,NA,NA,NA,,1031,NA,NA,NA,"JGL, AA, BB",TN
20221121,14,2764,14_2764,,22.1,0,0,MG,ST,F,1,jgl,,jgl,NA,NA,NA,,1031,NA,NA,NA,"JGL, AA, BB",TN
20221121,14,2775,14_2775,,20.5,0,0,MG,ST,F,2,jgl,,jgl,NA,NA,NA,,1031,NA,NA,NA,"JGL, AA, BB",TN
20221121,14,2789,14_2789,,19.7,0,0,Sham,ST,E,2,jgl,,jgl,NA,NA,NA,cage injury L eye,1031,NA,NA,NA,"JGL, AA, BB",TN
20221121,14,2799,14_2799,,20.8,0,0,Sham,ST,B,2,jgl,,jgl,NA,NA,NA,,1031,NA,NA,NA,"JGL, AA, BB",TN
20221121,14,2813,14_2813,,20.5,0,0,Sham,ST,A,1,jgl,,jgl,NA,NA,NA,,1031,NA,NA,NA,"JGL, AA, BB",TN
20221121,14,2880,14_2880,,20.1,0,1.5,MG,ST,A,3,jgl,,jgl,NA,NA,NA,,1031,NA,NA,NA,"JGL, AA, BB",TN
20221121,14,2892,14_2892,,21.8,0,0,MG,ST,D,3,jgl,,jgl,NA,NA,NA,,1031,NA,NA,NA,"JGL, AA, BB",TN
20221121,14,2893,14_2893,,19.6,0,0,Sham,ST,E,3,jgl,,jgl,NA,NA,NA,,1031,NA,NA,NA,"JGL, AA, BB",TN
20221121,14,2894,14_2894,,20.9,1.5,2.5,MG,ST,D,2,jgl,,jgl,NA,NA,NA,,1031,NA,NA,NA,"JGL, AA, BB",TN
20221121,14,2903,14_2903,,20.5,0.5,1.5,MG,ST,F,4,jgl,,jgl,NA,NA,NA,,1031,NA,NA,NA,"JGL, AA, BB",TN
20221121,14,2921,14_2921,,20.4,0,0,Sham,ST,A,2,jgl,,jgl,NA,NA,NA,,1031,NA,NA,NA,"JGL, AA, BB",TN
20221121,14,2928,14_2928,,20.8,0,0,MG,ST,E,4,jgl,,jgl,NA,NA,NA,,1031,NA,NA,NA,"JGL, AA, BB",TN
20221121,14,2939,14_2939,,20,0,0,Sham,ST,B,1,jgl,,jgl,NA,NA,NA,,1031,NA,NA,NA,"JGL, AA, BB",TN
20221121,14,2581,14_2581,,19,0,1.5,MG,TN,D,2,jgl,,jgl,NA,NA,NA,,905,NA,NA,NA,"JGL, AA, BB",TN
20221121,14,2632,14_2632,,17.6,0,0,Sham,TN,F,1,jgl,,jgl,NA,NA,NA,,905,NA,NA,NA,"JGL, AA, BB",TN
20221121,14,2648,14_2648,,19.1,0,0,MG,TN,C,4,jgl,,jgl,NA,NA,NA,,905,NA,NA,NA,"JGL, AA, BB",TN
20221121,14,2690,14_2690,,19.7,0,3,MG,TN,E,4,jgl,,jgl,NA,NA,NA,R eye fully shut for picture,905,NA,NA,NA,"JGL, AA, BB",TN
20221121,14,2704,14_2704,,19.3,0,0,Sham,TN,B,1,jgl,,jgl,NA,NA,NA,,905,NA,NA,NA,"JGL, AA, BB",TN
20221121,14,2718,14_2718,,22.8,0,0,Sham,TN,A,1,jgl,,jgl,NA,NA,NA,Both eyes slightly pink,905,NA,NA,NA,"JGL, AA, BB",TN
20221121,14,2802,14_2802,,20.3,0,0,Sham,TN,D,1,jgl,,jgl,NA,NA,NA,,905,NA,NA,NA,"JGL, AA, BB",TN
20221121,14,2842,14_2842,,21.1,0,0,Sham,TN,C,1,jgl,,jgl,NA,NA,NA,,905,NA,NA,NA,"JGL, AA, BB",TN
20221121,14,2846,14_2846,,19.1,0,0,Sham,TN,E,3,jgl,,jgl,NA,NA,NA,cage injuries L+R eyes ab applied,905,NA,NA,NA,"JGL, AA, BB",TN
20221121,14,2847,14_2847,,18.5,0,0,Sham,TN,A,2,jgl,,jgl,NA,NA,NA,,905,NA,NA,NA,"JGL, AA, BB",TN
20221121,14,2850,14_2850,,18.8,0,1.5,MG,TN,D,4,jgl,,jgl,NA,NA,NA,,905,NA,NA,NA,"JGL, AA, BB",TN
20221121,14,2869,14_2869,,19.3,0,0,MG,TN,A,3,jgl,,jgl,NA,NA,NA,,905,NA,NA,NA,"JGL, AA, BB",TN
20221121,14,2874,14_2874,,19.1,0,0,MG,TN,D,3,jgl,,jgl,NA,NA,NA,,905,NA,NA,NA,"JGL, AA, BB",TN
20221121,14,2879,14_2879,,20.5,0,0.5,MG,TN,A,4,jgl,,jgl,NA,NA,NA,,905,NA,NA,NA,"JGL, AA, BB",TN
20221121,14,2883,14_2883,,20,0,0.5,MG,TN,B,4,jgl,,jgl,NA,NA,NA,,905,NA,NA,NA,"JGL, AA, BB",TN
20221121,14,2889,14_2889,,20.4,3,0,MG,TN,F,2,jgl,,jgl,NA,NA,NA,,905,NA,NA,NA,"JGL, AA, BB",TN
20221121,14,2904,14_2904,,19.9,0,1.5,MG,TN,F,3,jgl,,jgl,NA,NA,NA,R eye bleeding before swab ,905,NA,NA,NA,"JGL, AA, BB",TN
20221121,14,2906,14_2906,,19.1,0,0,Sham,TN,E,2,jgl,,jgl,NA,NA,NA,,905,NA,NA,NA,"JGL, AA, BB",TN
20221121,14,2907,14_2907,,19.7,0,0,MG,TN,F,4,jgl,,jgl,NA,NA,NA,,905,NA,NA,NA,"JGL, AA, BB",TN
20221121,14,2911,14_2911,,19.2,0,0,Sham,TN,E,1,jgl,,jgl,NA,NA,NA,,905,NA,NA,NA,"JGL, AA, BB",TN
20221121,14,2914,14_2914,,20.2,0,0,MG,TN,C,2,jgl,,jgl,NA,NA,NA,,905,NA,NA,NA,"JGL, AA, BB",TN
20221121,14,2920,14_2920,,20.1,0,0,MG,TN,B,3,jgl,,jgl,NA,NA,NA,,905,NA,NA,NA,"JGL, AA, BB",TN
20221121,14,2926,14_2926,,19.6,0,0,MG,TN,C,3,jgl,,jgl,NA,NA,NA,nasty cage injuries L+R ab applied,905,NA,NA,NA,"JGL, AA, BB",TN
20221121,14,2929,14_2929,,19.6,0,0,Sham,TN,B,2,jgl,,jgl,NA,NA,NA,,905,NA,NA,NA,"JGL, AA, BB",TN
20221125,18,2573,18_2573,,NA,0,0,Sham,ST,C,2,jgl,NA,NA,,,,pictures 2573 deleted,912,1017,1020,NA,"JGL, DH, APU, TW",ST
20221125,18,2603,18_2603,,NA,0,0,MG,ST,B,3,jgl,NA,NA,,,,,912,953,956,NA,"JGL, DH, APU, TW",ST
20221125,18,2623,18_2623,,NA,0,0,MG,ST,F,3,jgl,NA,NA,,,,,912,931,933,NA,"JGL, DH, APU, TW",ST
20221125,18,2653,18_2653,,NA,2.5,0,MG,ST,B,4,jgl,NA,NA,,,,,912,958,1002,NA,"JGL, DH, APU, TW",ST
20221125,18,2655,18_2655,,NA,0,0,MG,ST,C,4,jgl,NA,NA,,,,,912,1004,1008,NA,"JGL, DH, APU, TW",ST
20221125,18,2667,18_2667,,NA,0,0,Sham,ST,C,1,jgl,NA,NA,,,,,912,1024,1026,NA,"JGL, DH, APU, TW",ST
20221125,18,2684,18_2684,,NA,0,0,Sham,ST,E,1,jgl,NA,NA,,,,not quite full tube of plasma,912,944,947,NA,"JGL, DH, APU, TW",ST
20221125,18,2687,18_2687,,NA,0,0,MG,ST,D,1,jgl,NA,NA,,,,very puffy/poofy,912,1004,1009,NA,"JGL, DH, APU, TW",ST
20221125,18,2689,18_2689,,NA,0.5,0,MG,ST,D,4,jgl,NA,NA,,,,,912,1027,1029,NA,"JGL, DH, APU, TW",ST
20221125,18,2741,18_2741,,NA,0.5,0,MG,ST,A,4,jgl,NA,NA,,,,,912,930,932,NA,"JGL, DH, APU, TW",ST
20221125,18,2750,18_2750,,NA,0,0,Sham,ST,C,3,jgl,NA,NA,,,,,912,1012,1014,NA,"JGL, DH, APU, TW",ST
20221125,18,2764,18_2764,,NA,0,0,MG,ST,F,1,jgl,NA,NA,,,,smear time 919,912,918,918,NA,"JGL, DH, APU, TW",ST
20221125,18,2775,18_2775,,NA,0,0,MG,ST,F,2,jgl,NA,NA,,,,Not quite full tube of plasma,912,922,925,NA,"JGL, DH, APU, TW",ST
20221125,18,2789,18_2789,,NA,0,0,Sham,ST,E,2,jgl,NA,NA,,,,,912,950,952,NA,"JGL, DH, APU, TW",ST
20221125,18,2799,18_2799,,NA,0,0,Sham,ST,B,2,jgl,NA,NA,,,,,912,949,951,NA,"JGL, DH, APU, TW",ST
20221125,18,2813,18_2813,,NA,0,0,Sham,ST,A,1,jgl,NA,NA,,,,,912,936,939,NA,"JGL, DH, APU, TW",ST
20221125,18,2880,18_2880,,NA,0,0.5,MG,ST,A,3,jgl,NA,NA,,,,,912,922,926,NA,"JGL, DH, APU, TW",ST
20221125,18,2892,18_2892,,NA,0,0,MG,ST,D,3,jgl,NA,NA,,,,,912,1022,1023,NA,"JGL, DH, APU, TW",ST
20221125,18,2893,18_2893,,NA,0,0,Sham,ST,E,3,jgl,NA,NA,,,,,912,955,958,NA,"JGL, DH, APU, TW",ST
20221125,18,2894,18_2894,,NA,2,1.5,MG,ST,D,2,jgl,NA,NA,,,,,912,1013,1016,NA,"JGL, DH, APU, TW",ST
20221125,18,2903,18_2903,,NA,0,1.5,MG,ST,F,4,jgl,NA,NA,,,,,912,937,939,NA,"JGL, DH, APU, TW",ST
20221125,18,2921,18_2921,,NA,0,0,Sham,ST,A,2,jgl,NA,NA,,,,smear time 919,912,918,920,NA,"JGL, DH, APU, TW",ST
20221125,18,2928,18_2928,,NA,0,0,MG,ST,E,4,jgl,NA,NA,,,,,912,958,1001,NA,"JGL, DH, APU, TW",ST
20221125,18,2939,18_2939,,NA,0,0,Sham,ST,B,1,jgl,NA,NA,,,,,912,944,946,NA,"JGL, DH, APU, TW",ST
20221125,18,2581,18_2581,,NA,0.5,1.5,MG,TN,D,2,jgl,NA,NA,,,,camera died @ 1130; charging for these pics *recalibrated camera,1040,1141,1143,NA,"JGL, DH, APU, TW",ST
20221125,18,2632,18_2632,,NA,0,0,Sham,TN,F,1,jgl,NA,NA,,,,,1040,1041,1043,NA,"JGL, DH, APU, TW",ST
20221125,18,2648,18_2648,,NA,0,0,MG,TN,C,4,jgl,NA,NA,,,,cam charging,1040,1155,1157,NA,"JGL, DH, APU, TW",ST
20221125,18,2690,18_2690,,NA,0,3,MG,TN,E,4,jgl,NA,NA,,,,,1040,1121,1122,NA,"JGL, DH, APU, TW",ST
20221125,18,2704,18_2704,,NA,0,0,Sham,TN,B,1,jgl,NA,NA,,,,,1040,1102,1105,NA,"JGL, DH, APU, TW",ST
20221125,18,2718,18_2718,,NA,0,0,Sham,TN,A,1,jgl,NA,NA,,,,,1040,1057,1059,NA,"JGL, DH, APU, TW",ST
20221125,18,2802,18_2802,,NA,0,0,Sham,TN,D,1,jgl,NA,NA,,,,,1040,1126,1128,NA,"JGL, DH, APU, TW",ST
20221125,18,2842,18_2842,,NA,0,0,Sham,TN,C,1,jgl,NA,NA,,,,,1040,1124,1126,NA,"JGL, DH, APU, TW",ST
20221125,18,2846,18_2846,,NA,0,0,Sham,TN,E,3,jgl,NA,NA,,,,,1040,1117,1118,NA,"JGL, DH, APU, TW",ST
20221125,18,2847,18_2847,,NA,0,0,Sham,TN,A,2,jgl,NA,NA,,,,,1040,1052,1054,NA,"JGL, DH, APU, TW",ST
20221125,18,2850,18_2850,,NA,0,1.5,MG,TN,D,4,jgl,NA,NA,,,,cam charging,1040,1153,1155,NA,"JGL, DH, APU, TW",ST
20221125,18,2869,18_2869,,NA,0,0,MG,TN,A,3,jgl,NA,NA,,,,,1040,1047,1049,NA,"JGL, DH, APU, TW",ST
20221125,18,2874,18_2874,,NA,0,0,MG,TN,D,3,jgl,NA,NA,,,,cam charging,1040,1147,1149,NA,"JGL, DH, APU, TW",ST
20221125,18,2879,18_2879,,NA,0,0,MG,TN,A,4,jgl,NA,NA,,,,two full sets of pictures,1040,1041,1043,NA,"JGL, DH, APU, TW",ST
20221125,18,2883,18_2883,,NA,0.5,1,MG,TN,B,4,jgl,NA,NA,,,,,1040,1118,1120,NA,"JGL, DH, APU, TW",ST
20221125,18,2889,18_2889,,NA,3,0,MG,TN,F,2,jgl,NA,NA,,,,L eye almost completely closed in pic,1040,1050,1051,NA,"JGL, DH, APU, TW",ST
20221125,18,2904,18_2904,,NA,0,1.5,MG,TN,F,3,jgl,NA,NA,,,,,1040,1056,1058,NA,"JGL, DH, APU, TW",ST
20221125,18,2906,18_2906,,NA,0,0,Sham,TN,E,2,jgl,NA,NA,,,,,1040,1111,1113,NA,"JGL, DH, APU, TW",ST
20221125,18,2907,18_2907,,NA,0,0,MG,TN,F,4,jgl,NA,NA,,,,,1040,1100,1102,NA,"JGL, DH, APU, TW",ST
20221125,18,2911,18_2911,,NA,0,0,Sham,TN,E,1,jgl,NA,NA,,,,,1040,1106,1107,NA,"JGL, DH, APU, TW",ST
20221125,18,2914,18_2914,,NA,0,0,MG,TN,C,2,jgl,NA,NA,,,,"originally caught at 11:30; camera died, returned and caught again at 1142.",1040,1142,1144,NA,"JGL, DH, APU, TW",ST
20221125,18,2920,18_2920,,NA,0,0,MG,TN,B,3,jgl,NA,NA,,,,cam charging,1040,1112,1115,NA,"JGL, DH, APU, TW",ST
20221125,18,2926,18_2926,,NA,0,0,MG,TN,C,3,jgl,NA,NA,,,,,1040,1149,NA,NA,"JGL, DH, APU, TW",ST
20221125,18,2929,18_2929,,NA,0,0,Sham,TN,B,2,jgl,NA,NA,,,,,1040,1107,1109,NA,"JGL, DH, APU, TW",ST
20221128,21,2573,21_2573,,20.7,0,0,Sham,ST,C,2,jgl,,jgl,NA,NA,NA,,950,NA,NA,NA,"JGL, AC, SJ, BB",TN
20221128,21,2603,21_2603,,21.8,0,0,MG,ST,B,3,jgl,,jgl,NA,NA,NA,,950,NA,NA,NA,"JGL, AC, SJ, BB",TN
20221128,21,2623,21_2623,,22.5,0,0,MG,ST,F,3,jgl,,jgl,NA,NA,NA,,950,NA,NA,NA,"JGL, AC, SJ, BB",TN
20221128,21,2653,21_2653,,21.9,2,0,MG,ST,B,4,jgl,,jgl,NA,NA,NA,,950,NA,NA,NA,"JGL, AC, SJ, BB",TN
20221128,21,2655,21_2655,,21,0,0,MG,ST,C,4,jgl,,jgl,NA,NA,NA,,950,NA,NA,NA,"JGL, AC, SJ, BB",TN
20221128,21,2667,21_2667,,20.1,0,0,Sham,ST,C,1,jgl,,jgl,NA,NA,NA,,950,NA,NA,NA,"JGL, AC, SJ, BB",TN
20221128,21,2684,21_2684,,22,0,0,Sham,ST,E,1,jgl,,jgl,NA,NA,NA,,950,NA,NA,NA,"JGL, AC, SJ, BB",TN
20221128,21,2687,21_2687,,21.4,0,0,MG,ST,D,1,jgl,,jgl,NA,NA,NA,,950,NA,NA,NA,"JGL, AC, SJ, BB",TN
20221128,21,2689,21_2689,,19.7,0.5,0,MG,ST,D,4,jgl,,jgl,NA,NA,NA,,950,NA,NA,NA,"JGL, AC, SJ, BB",TN
20221128,21,2741,21_2741,,19.8,0.5,0,MG,ST,A,4,jgl,,jgl,NA,NA,NA,,950,NA,NA,NA,"JGL, AC, SJ, BB",TN
20221128,21,2750,21_2750,,19.8,0,0,Sham,ST,C,3,jgl,,jgl,NA,NA,NA,,950,NA,NA,NA,"JGL, AC, SJ, BB",TN
20221128,21,2764,21_2764,,21.9,0,0,MG,ST,F,1,jgl,,jgl,NA,NA,NA,,950,NA,NA,NA,"JGL, AC, SJ, BB",TN
20221128,21,2775,21_2775,,20.5,0,0,MG,ST,F,2,jgl,,jgl,NA,NA,NA,,950,NA,NA,NA,"JGL, AC, SJ, BB",TN
20221128,21,2789,21_2789,,20,0,0,Sham,ST,E,2,jgl,,jgl,NA,NA,NA,,950,NA,NA,NA,"JGL, AC, SJ, BB",TN
20221128,21,2799,21_2799,,20.7,0,0,Sham,ST,B,2,jgl,,jgl,NA,NA,NA,,950,NA,NA,NA,"JGL, AC, SJ, BB",TN
20221128,21,2813,21_2813,,19.8,0,0,Sham,ST,A,1,jgl,,jgl,NA,NA,NA,cage injury bottom L face ab applied,950,NA,NA,NA,"JGL, AC, SJ, BB",TN
20221128,21,2880,21_2880,,19.6,0,0,MG,ST,A,3,jgl,,jgl,NA,NA,NA,,950,NA,NA,NA,"JGL, AC, SJ, BB",TN
20221128,21,2892,21_2892,,21.3,0,0,MG,ST,D,3,jgl,,jgl,NA,NA,NA,,950,NA,NA,NA,"JGL, AC, SJ, BB",TN
20221128,21,2893,21_2893,,19.8,0,0,Sham,ST,E,3,jgl,,jgl,NA,NA,NA,,950,NA,NA,NA,"JGL, AC, SJ, BB",TN
20221128,21,2894,21_2894,,21.5,0.5,0,MG,ST,D,2,jgl,,jgl,NA,NA,NA,,950,NA,NA,NA,"JGL, AC, SJ, BB",TN
20221128,21,2903,21_2903,,21.1,0,0,MG,ST,F,4,jgl,,jgl,NA,NA,NA,,950,NA,NA,NA,"JGL, AC, SJ, BB",TN
20221128,21,2921,21_2921,,19.9,0,0,Sham,ST,A,2,jgl,,jgl,NA,NA,NA,,950,NA,NA,NA,"JGL, AC, SJ, BB",TN
20221128,21,2928,21_2928,,20.6,0,0,MG,ST,E,4,jgl,,jgl,NA,NA,NA,,950,NA,NA,NA,"JGL, AC, SJ, BB",TN
20221128,21,2939,21_2939,,20.3,0,0,Sham,ST,B,1,jgl,,jgl,NA,NA,NA,,950,NA,NA,NA,"JGL, AC, SJ, BB",TN
20221128,21,2581,21_2581,,19.6,0.5,0,MG,TN,D,2,jgl,,jgl,NA,NA,NA,,900,NA,NA,NA,"JGL, AC, SJ, BB",TN
20221128,21,2632,21_2632,,18,0,0,Sham,TN,F,1,jgl,,jgl,NA,NA,NA,,900,NA,NA,NA,"JGL, AC, SJ, BB",TN
20221128,21,2648,21_2648,,19.2,0,0,MG,TN,C,4,jgl,,jgl,NA,NA,NA,,900,NA,NA,NA,"JGL, AC, SJ, BB",TN
20221128,21,2690,21_2690,,20.6,0.5,2,MG,TN,E,4,jgl,,jgl,NA,NA,NA,blood on r swab,900,NA,NA,NA,"JGL, AC, SJ, BB",TN
20221128,21,2704,21_2704,,18.9,0,0,Sham,TN,B,1,jgl,,jgl,NA,NA,NA,,900,NA,NA,NA,"JGL, AC, SJ, BB",TN
20221128,21,2718,21_2718,,22.4,0,0,Sham,TN,A,1,jgl,,jgl,NA,NA,NA,,900,NA,NA,NA,"JGL, AC, SJ, BB",TN
20221128,21,2802,21_2802,,20.7,0,0,Sham,TN,D,1,jgl,,jgl,NA,NA,NA,,900,NA,NA,NA,"JGL, AC, SJ, BB",TN
20221128,21,2842,21_2842,,21.4,0,0,Sham,TN,C,1,jgl,,jgl,NA,NA,NA,,900,NA,NA,NA,"JGL, AC, SJ, BB",TN
20221128,21,2846,21_2846,,19,0,0,Sham,TN,E,3,jgl,,jgl,NA,NA,NA,cage injuries L+r face ab applied,900,NA,NA,NA,"JGL, AC, SJ, BB",TN
20221128,21,2847,21_2847,,18,0,0,Sham,TN,A,2,jgl,,jgl,NA,NA,NA,,900,NA,NA,NA,"JGL, AC, SJ, BB",TN
20221128,21,2850,21_2850,,18.6,0,0.5,MG,TN,D,4,jgl,,jgl,NA,NA,NA,,900,NA,NA,NA,"JGL, AC, SJ, BB",TN
20221128,21,2869,21_2869,,19.3,0,0,MG,TN,A,3,jgl,,jgl,NA,NA,NA,,900,NA,NA,NA,"JGL, AC, SJ, BB",TN
20221128,21,2874,21_2874,,19.1,0,0,MG,TN,D,3,jgl,,jgl,NA,NA,NA,,900,NA,NA,NA,"JGL, AC, SJ, BB",TN
20221128,21,2879,21_2879,,20.2,0,0,MG,TN,A,4,jgl,,jgl,NA,NA,NA,,900,NA,NA,NA,"JGL, AC, SJ, BB",TN
20221128,21,2883,21_2883,,20.4,0.5,1.5,MG,TN,B,4,jgl,,jgl,NA,NA,NA,blood R eye,900,NA,NA,NA,"JGL, AC, SJ, BB",TN
20221128,21,2889,21_2889,,20.6,3,0,MG,TN,F,2,jgl,,jgl,NA,NA,NA,blood L eye,900,NA,NA,NA,"JGL, AC, SJ, BB",TN
20221128,21,2904,21_2904,,19.6,0,0.5,MG,TN,F,3,jgl,,jgl,NA,NA,NA,,900,NA,NA,NA,"JGL, AC, SJ, BB",TN
20221128,21,2906,21_2906,,19.8,0,0,Sham,TN,E,2,jgl,,jgl,NA,NA,NA,,900,NA,NA,NA,"JGL, AC, SJ, BB",TN
20221128,21,2907,21_2907,,20.1,0,0,MG,TN,F,4,jgl,,jgl,NA,NA,NA,,900,NA,NA,NA,"JGL, AC, SJ, BB",TN
20221128,21,2911,21_2911,,19.8,0,0,Sham,TN,E,1,jgl,,jgl,NA,NA,NA,,900,NA,NA,NA,"JGL, AC, SJ, BB",TN
20221128,21,2914,21_2914,,19.9,0,0,MG,TN,C,2,jgl,,jgl,NA,NA,NA,,900,NA,NA,NA,"JGL, AC, SJ, BB",TN
20221128,21,2920,21_2920,,20,0,0,MG,TN,B,3,jgl,,jgl,NA,NA,NA,,900,NA,NA,NA,"JGL, AC, SJ, BB",TN
20221128,21,2926,21_2926,,19.5,0,0,MG,TN,C,3,jgl,,jgl,NA,NA,NA,bad cage injury L bottom face ab applied,900,NA,NA,NA,"JGL, AC, SJ, BB",TN
20221128,21,2929,21_2929,,19.2,0,0,Sham,TN,B,2,jgl,,jgl,NA,NA,NA,,900,NA,NA,NA,"JGL, AC, SJ, BB",TN
20221201,24,2573,24_2573,NA,NA,0,0,Sham,ST,C,2,jgl,NA,NA,NA,NA,NA,,900,NA,NA,NA,"JGL, SR",ST
20221201,24,2603,24_2603,NA,NA,0,0,MG,ST,B,3,jgl,NA,NA,NA,NA,NA,,900,NA,NA,NA,"JGL, SR",ST
20221201,24,2623,24_2623,NA,NA,0,0,MG,ST,F,3,jgl,NA,NA,NA,NA,NA,,900,NA,NA,NA,"JGL, SR",ST
20221201,24,2653,24_2653,NA,NA,1.5,1,MG,ST,B,4,jgl,NA,NA,NA,NA,NA,,900,NA,NA,NA,"JGL, SR",ST
20221201,24,2655,24_2655,NA,NA,0,0,MG,ST,C,4,jgl,NA,NA,NA,NA,NA,,900,NA,NA,NA,"JGL, SR",ST
20221201,24,2667,24_2667,NA,NA,0,0,Sham,ST,C,1,jgl,NA,NA,NA,NA,NA,,900,NA,NA,NA,"JGL, SR",ST
20221201,24,2684,24_2684,NA,NA,0,0,Sham,ST,E,1,jgl,NA,NA,NA,NA,NA,,900,NA,NA,NA,"JGL, SR",ST
20221201,24,2687,24_2687,NA,NA,0,0,MG,ST,D,1,jgl,NA,NA,NA,NA,NA,,900,NA,NA,NA,"JGL, SR",ST
20221201,24,2689,24_2689,NA,NA,0.5,0,MG,ST,D,4,jgl,NA,NA,NA,NA,NA,,900,NA,NA,NA,"JGL, SR",ST
20221201,24,2741,24_2741,NA,NA,0.5,0,MG,ST,A,4,jgl,NA,NA,NA,NA,NA,BCI under 3,900,NA,NA,NA,"JGL, SR",ST
20221201,24,2750,24_2750,NA,NA,0,0,Sham,ST,C,3,jgl,NA,NA,NA,NA,NA,,900,NA,NA,NA,"JGL, SR",ST
20221201,24,2764,24_2764,NA,NA,0,0,MG,ST,F,1,jgl,NA,NA,NA,NA,NA,,900,NA,NA,NA,"JGL, SR",ST
20221201,24,2775,24_2775,NA,NA,0,0,MG,ST,F,2,jgl,NA,NA,NA,NA,NA,,900,NA,NA,NA,"JGL, SR",ST
20221201,24,2789,24_2789,NA,NA,0,0,Sham,ST,E,2,jgl,NA,NA,NA,NA,NA,,900,NA,NA,NA,"JGL, SR",ST
20221201,24,2799,24_2799,NA,NA,0,0,Sham,ST,B,2,jgl,NA,NA,NA,NA,NA,,900,NA,NA,NA,"JGL, SR",ST
20221201,24,2813,24_2813,NA,NA,0,0,Sham,ST,A,1,jgl,NA,NA,NA,NA,NA,,900,NA,NA,NA,"JGL, SR",ST
20221201,24,2880,24_2880,NA,NA,0,0,MG,ST,A,3,jgl,NA,NA,NA,NA,NA,,900,NA,NA,NA,"JGL, SR",ST
20221201,24,2892,24_2892,NA,NA,0,0,MG,ST,D,3,jgl,NA,NA,NA,NA,NA,,900,NA,NA,NA,"JGL, SR",ST
20221201,24,2893,24_2893,NA,NA,0,0,Sham,ST,E,3,jgl,NA,NA,NA,NA,NA,,900,NA,NA,NA,"JGL, SR",ST
20221201,24,2894,24_2894,NA,NA,0.5,0,MG,ST,D,2,jgl,NA,NA,NA,NA,NA,,900,NA,NA,NA,"JGL, SR",ST
20221201,24,2903,24_2903,NA,NA,0,0.5,MG,ST,F,4,jgl,NA,NA,NA,NA,NA,,900,NA,NA,NA,"JGL, SR",ST
20221201,24,2921,24_2921,NA,NA,0,0,Sham,ST,A,2,jgl,NA,NA,NA,NA,NA,,900,NA,NA,NA,"JGL, SR",ST
20221201,24,2928,24_2928,NA,NA,0,0,MG,ST,E,4,jgl,NA,NA,NA,NA,NA,,900,NA,NA,NA,"JGL, SR",ST
20221201,24,2939,24_2939,NA,NA,0,0,Sham,ST,B,1,jgl,NA,NA,NA,NA,NA,,900,NA,NA,NA,"JGL, SR",ST
20221201,24,2581,24_2581,NA,NA,0.5,0.5,MG,TN,D,2,jgl,NA,NA,NA,NA,NA,,900,NA,NA,NA,"JGL, SR",ST
20221201,24,2632,24_2632,NA,NA,0,0,Sham,TN,F,1,jgl,NA,NA,NA,NA,NA,eyes kind of pink,900,NA,NA,NA,"JGL, SR",ST
20221201,24,2648,24_2648,NA,NA,0,0,MG,TN,C,4,jgl,NA,NA,NA,NA,NA,,900,NA,NA,NA,"JGL, SR",ST
20221201,24,2690,24_2690,NA,NA,0,1.5,MG,TN,E,4,jgl,NA,NA,NA,NA,NA,lost most tail feathers,900,NA,NA,NA,"JGL, SR",ST
20221201,24,2704,24_2704,NA,NA,0,0,Sham,TN,B,1,jgl,NA,NA,NA,NA,NA,,900,NA,NA,NA,"JGL, SR",ST
20221201,24,2718,24_2718,NA,NA,0,0,Sham,TN,A,1,jgl,NA,NA,NA,NA,NA,,900,NA,NA,NA,"JGL, SR",ST
20221201,24,2802,24_2802,NA,NA,0,0,Sham,TN,D,1,jgl,NA,NA,NA,NA,NA,,900,NA,NA,NA,"JGL, SR",ST
20221201,24,2842,24_2842,NA,NA,0,0,Sham,TN,C,1,jgl,NA,NA,NA,NA,NA,,900,NA,NA,NA,"JGL, SR",ST
20221201,24,2846,24_2846,NA,NA,0,0,Sham,TN,E,3,jgl,NA,NA,NA,NA,NA,,900,NA,NA,NA,"JGL, SR",ST
20221201,24,2847,24_2847,NA,NA,0,0,Sham,TN,A,2,jgl,NA,NA,NA,NA,NA,,900,NA,NA,NA,"JGL, SR",ST
20221201,24,2850,24_2850,NA,NA,0,0.5,MG,TN,D,4,jgl,NA,NA,NA,NA,NA,,900,NA,NA,NA,"JGL, SR",ST
20221201,24,2869,24_2869,NA,NA,0,0,MG,TN,A,3,jgl,NA,NA,NA,NA,NA,,900,NA,NA,NA,"JGL, SR",ST
20221201,24,2874,24_2874,NA,NA,0,0,MG,TN,D,3,jgl,NA,NA,NA,NA,NA,,900,NA,NA,NA,"JGL, SR",ST
20221201,24,2879,24_2879,NA,NA,0,0,MG,TN,A,4,jgl,NA,NA,NA,NA,NA,,900,NA,NA,NA,"JGL, SR",ST
20221201,24,2883,24_2883,NA,NA,0,0.5,MG,TN,B,4,jgl,NA,NA,NA,NA,NA,,900,NA,NA,NA,"JGL, SR",ST
20221201,24,2889,24_2889,NA,NA,2.5,0,MG,TN,F,2,jgl,NA,NA,NA,NA,NA,L eye closed for 1st picture set,900,NA,NA,NA,"JGL, SR",ST
20221201,24,2904,24_2904,NA,NA,0,0.5,MG,TN,F,3,jgl,NA,NA,NA,NA,NA,R pin feather bleeding,900,NA,NA,NA,"JGL, SR",ST
20221201,24,2906,24_2906,NA,NA,0,0,Sham,TN,E,2,jgl,NA,NA,NA,NA,NA,,900,NA,NA,NA,"JGL, SR",ST
20221201,24,2907,24_2907,NA,NA,0,0,MG,TN,F,4,jgl,NA,NA,NA,NA,NA,,900,NA,NA,NA,"JGL, SR",ST
20221201,24,2911,24_2911,NA,NA,0,0,Sham,TN,E,1,jgl,NA,NA,NA,NA,NA,,900,NA,NA,NA,"JGL, SR",ST
20221201,24,2914,24_2914,NA,NA,0,0,MG,TN,C,2,jgl,NA,NA,NA,NA,NA,,900,NA,NA,NA,"JGL, SR",ST
20221201,24,2920,24_2920,NA,NA,0,0,MG,TN,B,3,jgl,NA,NA,NA,NA,NA,,900,NA,NA,NA,"JGL, SR",ST
20221201,24,2926,24_2926,NA,NA,0,0,MG,TN,C,3,jgl,NA,NA,NA,NA,NA,,900,NA,NA,NA,"JGL, SR",ST
20221201,24,2929,24_2929,NA,NA,0,0,Sham,TN,B,2,jgl,NA,NA,NA,NA,NA,,900,NA,NA,NA,"JGL, SR",ST
20221205,28,2573,28_2573,,20.2,0,0,Sham,ST,C,2,jgl,,jgl,,,,in dark b/t 1105 and 1225,1054,1246,1249,NA,"JGL, DH, SR, AC, APU, AA",TN
20221205,28,2603,28_2603,,21.2,0,0,MG,ST,B,3,jgl,,jgl,,,,"in dark b/t 1105 and 1225; no eye score recoreded, but never had an eye score before or after dpi 28",1054,101,102,NA,"JGL, DH, SR, AC, APU, AA",TN
20221205,28,2623,28_2623,,21.5,0,0,MG,ST,F,3,jgl,,jgl,,,,in dark b/t 1105 and 1225,1054,1231,NA,NA,"JGL, DH, SR, AC, APU, AA",TN
20221205,28,2653,28_2653,,20.9,1,0.5,MG,ST,B,4,jgl,,jgl,,,,in dark b/t 1105 and 1225,1054,104,106,NA,"JGL, DH, SR, AC, APU, AA",TN
20221205,28,2655,28_2655,,20.8,0,0,MG,ST,C,4,jgl,,jgl,,,,in dark b/t 1105 and 1225,1054,1253,1255,NA,"JGL, DH, SR, AC, APU, AA",TN
20221205,28,2667,28_2667,,19.5,0,0,Sham,ST,C,1,jgl,,jgl,,,,in dark b/t 1105 and 1225,1054,1258,1259,NA,"JGL, DH, SR, AC, APU, AA",TN
20221205,28,2684,28_2684,,NA,NA,NA,Sham,ST,E,1,jgl,,jgl,,,,escaped into vent - died,1054,NA,NA,NA,"JGL, DH, SR, AC, APU, AA",TN
20221205,28,2687,28_2687,,20.6,0,0,MG,ST,D,1,jgl,,jgl,,,,in dark b/t 1105 and 1225,1054,1231,1236,NA,"JGL, DH, SR, AC, APU, AA",TN
20221205,28,2689,28_2689,,19.3,0.5,0,MG,ST,D,4,jgl,,jgl,,,,in dark b/t 1105 and 1225; possible mix up; re-swabbed corrected tube,1054,1250,1252,NA,"JGL, DH, SR, AC, APU, AA",TN
20221205,28,2741,28_2741,,19.1,1,0,MG,ST,A,4,jgl,,jgl,,,,,1054,1056,1101,NA,"JGL, DH, SR, AC, APU, AA",TN
20221205,28,2750,28_2750,,19.3,0,0,Sham,ST,C,3,jgl,,jgl,,,,in dark b/t 1105 and 1225; not full tube,1054,1250,1251,NA,"JGL, DH, SR, AC, APU, AA",TN
20221205,28,2764,28_2764,,21.2,0,0,MG,ST,F,1,jgl,,jgl,,,,"in dark b/t 1105 and 1225; poofy, now deflated",1054,112,114,NA,"JGL, DH, SR, AC, APU, AA",TN
20221205,28,2775,28_2775,,19.7,0,0,MG,ST,F,2,jgl,,jgl,,,,in dark b/t 1105 and 1225,1054,1228,1230,NA,"JGL, DH, SR, AC, APU, AA",TN
20221205,28,2789,28_2789,,19.3,0,0,Sham,ST,E,2,jgl,,jgl,,,,,1054,1055,1105,NA,"JGL, DH, SR, AC, APU, AA",TN
20221205,28,2799,28_2799,,20.3,0,0,Sham,ST,B,2,jgl,,jgl,,,,in dark b/t 1105 and 1225,1054,1257,1258,NA,"JGL, DH, SR, AC, APU, AA",TN
20221205,28,2813,28_2813,,19.8,0,0,Sham,ST,A,1,jgl,,jgl,,,,in dark b/t 1105 and 1225,1054,104,105,NA,"JGL, DH, SR, AC, APU, AA",TN
20221205,28,2880,28_2880,,19,0,0,MG,ST,A,3,jgl,,jgl,,,,L eye blood in swab,1054,1101,1105,NA,"JGL, DH, SR, AC, APU, AA",TN
20221205,28,2892,28_2892,,20.9,0,0,MG,ST,D,3,jgl,,jgl,,,,in dark b/t 1105 and 1225,1054,1244,1247,NA,"JGL, DH, SR, AC, APU, AA",TN
20221205,28,2893,28_2893,,19.2,0,0,Sham,ST,E,3,jgl,,jgl,,,,in dark b/t 1105 and 1225; no plasma,1054,1239,1241,NA,"JGL, DH, SR, AC, APU, AA",TN
20221205,28,2894,28_2894,,20.5,0,0,MG,ST,D,2,jgl,,jgl,,,,in dark b/t 1105 and 1225,1054,1239,1241,NA,"JGL, DH, SR, AC, APU, AA",TN
20221205,28,2903,28_2903,,20.9,0,0,MG,ST,F,4,jgl,,jgl,,,,in dark b/t 1105 and 1225,1054,1235,1236,NA,"JGL, DH, SR, AC, APU, AA",TN
20221205,28,2921,28_2921,,19.4,0,0,Sham,ST,A,2,jgl,,jgl,,,,in dark b/t 1105 and 1225; caught at 1105 but not bled. Caught again at 1:08 to be bled; half tube reswabbed correct tube,1054,108,110,NA,"JGL, DH, SR, AC, APU, AA",TN
20221205,28,2928,28_2928,,20.1,0,0,MG,ST,E,4,jgl,,jgl,,,,in dark b/t 1105 and 1225,1054,1242,1244,NA,"JGL, DH, SR, AC, APU, AA",TN
20221205,28,2939,28_2939,,19.7,0,0,Sham,ST,B,1,jgl,,jgl,,,,in dark b/t 1105 and 1225,1054,107,109,NA,"JGL, DH, SR, AC, APU, AA",TN
20221205,28,2581,28_2581,,19.4,0,0.5,MG,TN,D,2,jgl,,jgl,,,,,929,927,931,NA,"JGL, DH, SR, AC, APU, AA",TN
20221205,28,2632,28_2632,,17,0,0,Sham,TN,F,1,jgl,,jgl,,,,picture says 2623 f-3,929,947,953,NA,"JGL, DH, SR, AC, APU, AA",TN
20221205,28,2648,28_2648,,18.8,0,0,MG,TN,C,4,jgl,,jgl,,,,,929,944,948,NA,"JGL, DH, SR, AC, APU, AA",TN
20221205,28,2690,28_2690,,19.9,0,0.5,MG,TN,E,4,jgl,,jgl,,,,,929,939,944,NA,"JGL, DH, SR, AC, APU, AA",TN
20221205,28,2704,28_2704,,18.8,0,0,Sham,TN,B,1,jgl,,jgl,,,,,929,1003,1005,NA,"JGL, DH, SR, AC, APU, AA",TN
20221205,28,2718,28_2718,,21.6,0,0,Sham,TN,A,1,jgl,,jgl,,,,,929,1010,1015,NA,"JGL, DH, SR, AC, APU, AA",TN
20221205,28,2802,28_2802,,19.8,0,0,Sham,TN,D,1,jgl,,jgl,,,,,929,935,936,NA,"JGL, DH, SR, AC, APU, AA",TN
20221205,28,2842,28_2842,,20.9,0,0,Sham,TN,C,1,jgl,,jgl,,,,,929,941,943,NA,"JGL, DH, SR, AC, APU, AA",TN
20221205,28,2846,28_2846,,18.5,0,0,Sham,TN,E,3,jgl,,jgl,,,,,929,934,936,NA,"JGL, DH, SR, AC, APU, AA",TN
20221205,28,2847,28_2847,,17.7,0,0,Sham,TN,A,2,jgl,,jgl,,,,BCI good 3,929,1017,1019,NA,"JGL, DH, SR, AC, APU, AA",TN
20221205,28,2850,28_2850,,19.3,0,0,MG,TN,D,4,jgl,,jgl,,,,,929,909,911,NA,"JGL, DH, SR, AC, APU, AA",TN
20221205,28,2869,28_2869,,18.7,0,0,MG,TN,A,3,jgl,,jgl,,,,,929,1021,1025,NA,"JGL, DH, SR, AC, APU, AA",TN
20221205,28,2874,28_2874,,19,0,0,MG,TN,D,3,jgl,,jgl,,,,,929,924,926,NA,"JGL, DH, SR, AC, APU, AA",TN
20221205,28,2879,28_2879,,20.1,0,0,MG,TN,A,4,jgl,,jgl,,,,a little blood in swab,929,1023,1025,NA,"JGL, DH, SR, AC, APU, AA",TN
20221205,28,2883,28_2883,,19.9,0,0.5,MG,TN,B,4,jgl,,jgl,,,,,929,1019,1021,NA,"JGL, DH, SR, AC, APU, AA",TN
20221205,28,2889,28_2889,,19.2,2,0,MG,TN,F,2,jgl,,jgl,,,,,929,958,1001,NA,"JGL, DH, SR, AC, APU, AA",TN
20221205,28,2904,28_2904,,18.7,0,0,MG,TN,F,3,jgl,,jgl,,,,,929,1004,1008,NA,"JGL, DH, SR, AC, APU, AA",TN
20221205,28,2906,28_2906,,19,0,0,Sham,TN,E,2,jgl,,jgl,,,,,929,924,929,NA,"JGL, DH, SR, AC, APU, AA",TN
20221205,28,2907,28_2907,,19.4,0,0,MG,TN,F,4,jgl,,jgl,,,,,929,909,919,NA,"JGL, DH, SR, AC, APU, AA",TN
20221205,28,2911,28_2911,,19.9,0,0,Sham,TN,E,1,jgl,,jgl,,,,,929,909,919,NA,"JGL, DH, SR, AC, APU, AA",TN
20221205,28,2914,28_2914,,19.2,0,0,MG,TN,C,2,jgl,,jgl,,,,,929,951,953,NA,"JGL, DH, SR, AC, APU, AA",TN
20221205,28,2920,28_2920,,19.3,0,0,MG,TN,B,3,jgl,,jgl,,,,escaped before bled,929,1013,1016,NA,"JGL, DH, SR, AC, APU, AA",TN
20221205,28,2926,28_2926,,19.1,0,0,MG,TN,C,3,jgl,,jgl,,,,,929,957,1000,NA,"JGL, DH, SR, AC, APU, AA",TN
20221205,28,2929,28_2929,,18.8,0,0,Sham,TN,B,2,jgl,,jgl,,,,,929,1008,1009,NA,"JGL, DH, SR, AC, APU, AA",TN
20221212,35,2573,35_2573,,20.1,0,0,Sham,ST,C,2,jgl,,jgl,,,,,905,948,951,NA,"JGL, ML, SR, AA, CV",ST
20221212,35,2603,35_2603,,21.8,0,0,MG,ST,B,3,jgl,,jgl,,,,,905,943,945,50,"JGL, ML, SR, AA, CV",ST
20221212,35,2623,35_2623,,21.9,0,0,MG,ST,F,3,jgl,,jgl,,,,small volume for hematocrit,905,939,941,48,"JGL, ML, SR, AA, CV",ST
20221212,35,2653,35_2653,,21.1,0,0,MG,ST,B,4,jgl,,jgl,,,,,905,948,949,NA,"JGL, ML, SR, AA, CV",ST
20221212,35,2655,35_2655,,20.4,0,0,MG,ST,C,4,jgl,,jgl,,,,,905,959,1001,56,"JGL, ML, SR, AA, CV",ST
20221212,35,2667,35_2667,,19.5,0,0,Sham,ST,C,1,jgl,,jgl,,,,,905,943,947,54,"JGL, ML, SR, AA, CV",ST
20221212,35,2684,35_2684,,NA,NA,NA,Sham,ST,E,1,jgl,,jgl,,,,,905,NA,NA,,"JGL, ML, SR, AA, CV",ST
20221212,35,2687,35_2687,,20.5,0,0,MG,ST,D,1,jgl,,jgl,,,,,905,954,955,50,"JGL, ML, SR, AA, CV",ST
20221212,35,2689,35_2689,,19.2,0,0,MG,ST,D,4,jgl,,jgl,,,,Fever after bled,905,920,922,NA,"JGL, ML, SR, AA, CV",ST
20221212,35,2741,35_2741,,19.5,0.5,0,MG,ST,A,4,jgl,,jgl,,,,fever after bled,905,929,930,52,"JGL, ML, SR, AA, CV",ST
20221212,35,2750,35_2750,,19.1,0,0,Sham,ST,C,3,jgl,,jgl,,,,,905,954,955,55,"JGL, ML, SR, AA, CV",ST
20221212,35,2764,35_2764,,20,0,0,MG,ST,F,1,jgl,,jgl,,,, hematocrit: small volume;; fever after bled,905,913,917,70,"JGL, ML, SR, AA, CV",ST
20221212,35,2775,35_2775,,19.8,0,0,MG,ST,F,2,jgl,,jgl,,,,,905,933,935,52,"JGL, ML, SR, AA, CV",ST
20221212,35,2789,35_2789,,19,0,0,Sham,ST,E,2,jgl,,jgl,,,,,905,1000,1001,57,"JGL, ML, SR, AA, CV",ST
20221212,35,2799,35_2799,,20,0,0,Sham,ST,B,2,jgl,,jgl,,,,,905,958,940,NA,"JGL, ML, SR, AA, CV",ST
20221212,35,2813,35_2813,,20.4,0,0,Sham,ST,A,1,jgl,,jgl,,,,no hematocrit but yes smear; fever after bled,905,921,922,NA,"JGL, ML, SR, AA, CV",ST
20221212,35,2880,35_2880,,19.4,0,0,MG,ST,A,3,jgl,,jgl,,,,puffy after bled; fever after bled,905,925,925,53,"JGL, ML, SR, AA, CV",ST
20221212,35,2892,35_2892,,21.7,0,0,MG,ST,D,3,jgl,,jgl,,,,,905,922,925,51,"JGL, ML, SR, AA, CV",ST
20221212,35,2893,35_2893,,19.3,0,0,Sham,ST,E,3,jgl,,jgl,,,,,905,1006,1008,NA,"JGL, ML, SR, AA, CV",ST
20221212,35,2894,35_2894,,20.5,0,0,MG,ST,D,2,jgl,,jgl,,,,,905,926,930,54,"JGL, ML, SR, AA, CV",ST
20221212,35,2903,35_2903,,20.6,0,0,MG,ST,F,4,jgl,,jgl,,,,,905,1006,1008,NA,"JGL, ML, SR, AA, CV",ST
20221212,35,2921,35_2921,,20,0,0,Sham,ST,A,2,jgl,,jgl,,,,,905,913,917,58,"JGL, ML, SR, AA, CV",ST
20221212,35,2928,35_2928,,19.6,0,0,MG,ST,E,4,jgl,,jgl,,,,,905,1011,1012,56,"JGL, ML, SR, AA, CV",ST
20221212,35,2939,35_2939,,19.6,0,0,Sham,ST,B,1,jgl,,jgl,,,,,905,933,935,61,"JGL, ML, SR, AA, CV",ST
20221212,35,2581,35_2581,,18.9,0,0,MG,TN,D,2,jgl,,jgl,,,,,1043,1118,1122,53,"JGL, ML, SR, AA, CV",ST
20221212,35,2632,35_2632,,17.4,0,0,Sham,TN,F,1,jgl,,jgl,,,,fever after bled,1043,1051,1055,54,"JGL, ML, SR, AA, CV",ST
20221212,35,2648,35_2648,,18.9,0,0,MG,TN,C,4,jgl,,jgl,,,,,1043,1156,1157,55,"JGL, ML, SR, AA, CV",ST
20221212,35,2690,35_2690,,19.6,0,0,MG,TN,E,4,jgl,,jgl,,,,,1043,1129,1131,NA,"JGL, ML, SR, AA, CV",ST
20221212,35,2704,35_2704,,19.2,0,0,Sham,TN,B,1,jgl,,jgl,,,,,1043,1111,1113,56,"JGL, ML, SR, AA, CV",ST
20221212,35,2718,35_2718,,22.3,0,0,Sham,TN,A,1,jgl,,jgl,,,,,1043,1053,1055,53,"JGL, ML, SR, AA, CV",ST
20221212,35,2802,35_2802,,20,0,0,Sham,TN,D,1,jgl,,jgl,,,,,1043,1124,1126,51,"JGL, ML, SR, AA, CV",ST
20221212,35,2842,35_2842,,21.4,0,0,Sham,TN,C,1,jgl,,jgl,,,,,1043,1139,1141,56,"JGL, ML, SR, AA, CV",ST
20221212,35,2846,35_2846,,18.7,0,0,Sham,TN,E,3,jgl,,jgl,,,,face bleeding,1043,1132,1135,54,"JGL, ML, SR, AA, CV",ST
20221212,35,2847,35_2847,,17.8,0,0,Sham,TN,A,2,jgl,,jgl,,,,,1043,1101,1104,NA,"JGL, ML, SR, AA, CV",ST
20221212,35,2850,35_2850,,18.7,0,0,MG,TN,D,4,jgl,,jgl,,,,hematocrit: small tube volume,1043,1056,1100,58,"JGL, ML, SR, AA, CV",ST
20221212,35,2869,35_2869,,19,0,0,MG,TN,A,3,jgl,,jgl,,,,,1043,1125,1129,59,"JGL, ML, SR, AA, CV",ST
20221212,35,2874,35_2874,,18.5,0,0,MG,TN,D,3,jgl,,jgl,,,,swab touched glove,1043,1113,1117,NA,"JGL, ML, SR, AA, CV",ST
20221212,35,2879,35_2879,,20.2,0,0,MG,TN,A,4,jgl,,jgl,,,,,1043,1131,1133,53,"JGL, ML, SR, AA, CV",ST
20221212,35,2883,35_2883,,19.7,0,0,MG,TN,B,4,jgl,,jgl,,,,,1043,1146,1148,NA,"JGL, ML, SR, AA, CV",ST
20221212,35,2889,35_2889,,19.6,0,0,MG,TN,F,2,jgl,,jgl,,,,,1043,1102,1104,52,"JGL, ML, SR, AA, CV",ST
20221212,35,2904,35_2904,,18.8,0,0,MG,TN,F,3,jgl,,jgl,,,,,1043,1107,1108,NA,"JGL, ML, SR, AA, CV",ST
20221212,35,2906,35_2906,,19,0,0,Sham,TN,E,2,jgl,,jgl,,,,,1043,1142,1145,52,"JGL, ML, SR, AA, CV",ST
20221212,35,2907,35_2907,,19.3,0,0,MG,TN,F,4,jgl,,jgl,,,,,1043,1113,1115,49,"JGL, ML, SR, AA, CV",ST
20221212,35,2911,35_2911,,19.1,0,0,Sham,TN,E,1,jgl,,jgl,,,,,1043,1140,1142,NA,"JGL, ML, SR, AA, CV",ST
20221212,35,2914,35_2914,,19.8,0,0,MG,TN,C,2,jgl,,jgl,,,,,1043,1149,1150,60,"JGL, ML, SR, AA, CV",ST
20221212,35,2920,35_2920,,19.8,0,0,MG,TN,B,3,jgl,,jgl,,,,,1043,1154,1155,52,"JGL, ML, SR, AA, CV",ST
20221212,35,2926,35_2926,,19.4,0,0,MG,TN,C,3,jgl,,jgl,,,,cage injury near R eye,1043,1151,1153,NA,"JGL, ML, SR, AA, CV",ST
20221212,35,2929,35_2929,,19.1,0,0,Sham,TN,B,2,jgl,,jgl,,,,,1043,1136,1137,52,"JGL, ML, SR, AA, CV",ST
20221214,37,2573,37_2573,NA,NA,0,0,NA,NA,NA,NA,NA,NA,NA,NA,NA,NA,NA,NA,,,,,
20221214,37,2603,37_2603,NA,NA,0,0,NA,NA,NA,NA,NA,NA,NA,NA,NA,NA,NA,NA,,,,,
20221214,37,2623,37_2623,NA,NA,0,0,NA,NA,NA,NA,NA,NA,NA,NA,NA,NA,NA,NA,,,,,
20221214,37,2653,37_2653,NA,NA,0,0,NA,NA,NA,NA,NA,NA,NA,NA,NA,NA,NA,NA,,,,,
20221214,37,2655,37_2655,NA,NA,0,0,NA,NA,NA,NA,NA,NA,NA,NA,NA,NA,NA,NA,,,,,
20221214,37,2667,37_2667,NA,NA,0,0,NA,NA,NA,NA,NA,NA,NA,NA,NA,NA,NA,NA,,,,,
20221214,37,2684,37_2684,NA,NA,NA,NA,NA,NA,NA,NA,NA,NA,NA,NA,NA,NA,NA,NA,,,,,
20221214,37,2687,37_2687,NA,NA,0,0,NA,NA,NA,NA,NA,NA,NA,NA,NA,NA,NA,NA,,,,,
20221214,37,2689,37_2689,NA,NA,0,0,NA,NA,NA,NA,NA,NA,NA,NA,NA,NA,NA,NA,,,,,
20221214,37,2741,37_2741,NA,NA,0.5,0,NA,NA,NA,NA,NA,NA,NA,NA,NA,NA,NA,NA,,,,,
20221214,37,2750,37_2750,NA,NA,0,0,NA,NA,NA,NA,NA,NA,NA,NA,NA,NA,NA,NA,,,,,
20221214,37,2764,37_2764,NA,NA,0,0,NA,NA,NA,NA,NA,NA,NA,NA,NA,NA,NA,NA,,,,,
20221214,37,2775,37_2775,NA,NA,0,0,NA,NA,NA,NA,NA,NA,NA,NA,NA,NA,NA,NA,,,,,
20221214,37,2789,37_2789,NA,NA,0,0,NA,NA,NA,NA,NA,NA,NA,NA,NA,NA,NA,NA,,,,,
20221214,37,2799,37_2799,NA,NA,0,0,NA,NA,NA,NA,NA,NA,NA,NA,NA,NA,NA,NA,,,,,
20221214,37,2813,37_2813,NA,NA,0,0,NA,NA,NA,NA,NA,NA,NA,NA,NA,NA,NA,NA,,,,,
20221214,37,2880,37_2880,NA,NA,0,0,NA,NA,NA,NA,NA,NA,NA,NA,NA,NA,NA,NA,,,,,
20221214,37,2892,37_2892,NA,NA,0,0,NA,NA,NA,NA,NA,NA,NA,NA,NA,NA,NA,NA,,,,,
20221214,37,2893,37_2893,NA,NA,0,0,NA,NA,NA,NA,NA,NA,NA,NA,NA,NA,NA,NA,,,,,
20221214,37,2894,37_2894,NA,NA,0,0,NA,NA,NA,NA,NA,NA,NA,NA,NA,NA,NA,NA,,,,,
20221214,37,2903,37_2903,NA,NA,0,0,NA,NA,NA,NA,NA,NA,NA,NA,NA,NA,NA,NA,,,,,
20221214,37,2921,37_2921,NA,NA,0,0,NA,NA,NA,NA,NA,NA,NA,NA,NA,NA,NA,NA,,,,,
20221214,37,2928,37_2928,NA,NA,0,0,NA,NA,NA,NA,NA,NA,NA,NA,NA,NA,NA,NA,,,,,
20221214,37,2939,37_2939,NA,NA,0,0,NA,NA,NA,NA,NA,NA,NA,NA,NA,NA,NA,NA,,,,,
20221214,37,2581,37_2581,NA,NA,0,0,NA,NA,NA,NA,NA,NA,NA,NA,NA,NA,NA,NA,,,,,
20221214,37,2632,37_2632,NA,NA,0,0,NA,NA,NA,NA,NA,NA,NA,NA,NA,NA,NA,NA,,,,,
20221214,37,2648,37_2648,NA,NA,0,0,NA,NA,NA,NA,NA,NA,NA,NA,NA,NA,NA,NA,,,,,
20221214,37,2690,37_2690,NA,NA,0,0,NA,NA,NA,NA,NA,NA,NA,NA,NA,NA,NA,NA,,,,,
20221214,37,2704,37_2704,NA,NA,0,0,NA,NA,NA,NA,NA,NA,NA,NA,NA,NA,NA,NA,,,,,
20221214,37,2718,37_2718,NA,NA,0,0,NA,NA,NA,NA,NA,NA,NA,NA,NA,NA,NA,NA,,,,,
20221214,37,2802,37_2802,NA,NA,0,0,NA,NA,NA,NA,NA,NA,NA,NA,NA,NA,NA,NA,,,,,
20221214,37,2842,37_2842,NA,NA,0,0,NA,NA,NA,NA,NA,NA,NA,NA,NA,NA,NA,NA,,,,,
20221214,37,2846,37_2846,NA,NA,0,0,NA,NA,NA,NA,NA,NA,NA,NA,NA,NA,NA,NA,,,,,
20221214,37,2847,37_2847,NA,NA,0,0,NA,NA,NA,NA,NA,NA,NA,NA,NA,NA,NA,NA,,,,,
20221214,37,2850,37_2850,NA,NA,0,0,NA,NA,NA,NA,NA,NA,NA,NA,NA,NA,NA,NA,,,,,
20221214,37,2869,37_2869,NA,NA,0,0,NA,NA,NA,NA,NA,NA,NA,NA,NA,NA,NA,NA,,,,,
20221214,37,2874,37_2874,NA,NA,0,0,NA,NA,NA,NA,NA,NA,NA,NA,NA,NA,NA,NA,,,,,
20221214,37,2879,37_2879,NA,NA,0,0,NA,NA,NA,NA,NA,NA,NA,NA,NA,NA,NA,NA,,,,,
20221214,37,2883,37_2883,NA,NA,0,0,NA,NA,NA,NA,NA,NA,NA,NA,NA,NA,NA,NA,,,,,
20221214,37,2889,37_2889,NA,NA,0,0,NA,NA,NA,NA,NA,NA,NA,NA,NA,NA,NA,NA,,,,,
20221214,37,2904,37_2904,NA,NA,0,0,NA,NA,NA,NA,NA,NA,NA,NA,NA,NA,NA,NA,,,,,
20221214,37,2906,37_2906,NA,NA,0,0,NA,NA,NA,NA,NA,NA,NA,NA,NA,NA,NA,NA,,,,,
20221214,37,2907,37_2907,NA,NA,0,0,NA,NA,NA,NA,NA,NA,NA,NA,NA,NA,NA,NA,,,,,
20221214,37,2911,37_2911,NA,NA,0,0,NA,NA,NA,NA,NA,NA,NA,NA,NA,NA,NA,NA,,,,,
20221214,37,2914,37_2914,NA,NA,0,0,NA,NA,NA,NA,NA,NA,NA,NA,NA,NA,NA,NA,,,,,
20221214,37,2920,37_2920,NA,NA,0,0,NA,NA,NA,NA,NA,NA,NA,NA,NA,NA,NA,NA,,,,,
20221214,37,2926,37_2926,NA,NA,0,0,NA,NA,NA,NA,NA,NA,NA,NA,NA,NA,NA,NA,,,,,
20221214,37,2929,37_2929,NA,NA,0,0,NA,NA,NA,NA,NA,NA,NA,NA,NA,NA,NA,NA,,,,,